Date,Adj Close,Close,High,Low,Open,Volume
,MA,MA,MA,MA,MA,MA
2023-01-03,342.7143859863281,346.79998779296875,354.6600036621094,343.94000244140625,349.9599914550781,2933600
2023-01-04,350.9660339355469,355.1499938964844,356.9800109863281,349.69000244140625,351.3900146484375,2661000
2023-01-05,347.6258544921875,351.7699890136719,357.55999755859375,351.2699890136719,356.1199951171875,2608500
2023-01-06,363.9282531738281,367.6700134277344,368.7200012207031,355.32000732421875,357.30999755859375,4432800
2023-01-09,367.1946716308594,370.9700012207031,375.0,369.55999755859375,371.6300048828125,3913500
2023-01-10,367.2342224121094,371.010009765625,371.67999267578125,367.2099914550781,368.80999755859375,3485900
2023-01-11,374.0144958496094,377.8599853515625,377.9200134277344,371.260009765625,372.6199951171875,3370200
2023-01-12,375.94464111328125,379.80999755859375,381.1300048828125,376.9200134277344,377.8599853515625,3291200
2023-01-13,371.69830322265625,375.5199890136719,377.8699951171875,374.30999755859375,375.05999755859375,4261000
2023-01-17,371.18365478515625,375.0,378.3299865722656,373.9800109863281,375.0,2814500
2023-01-18,365.1655578613281,368.9200134277344,375.80999755859375,368.5,374.510009765625,2747100
2023-01-19,364.1955261230469,367.94000244140625,370.79998779296875,363.6000061035156,364.6000061035156,3111200
2023-01-20,372.4506530761719,376.2799987792969,376.6199951171875,369.3999938964844,370.2300109863281,3863400
2023-01-23,374.71728515625,378.57000732421875,381.3800048828125,376.3599853515625,376.739990234375,2743900
2023-01-24,376.1427001953125,380.010009765625,390.0,375.2200012207031,390.0,2756200
2023-01-25,378.4984436035156,382.3900146484375,382.55999755859375,375.1000061035156,375.1000061035156,3501900
2023-01-26,373.4007873535156,377.239990234375,384.1099853515625,373.0,383.4100036621094,3718400
2023-01-27,370.2234802246094,374.0299987792969,380.5199890136719,373.3800048828125,376.19000244140625,3405600
2023-01-30,367.3431396484375,371.1199951171875,373.739990234375,369.3999938964844,369.4599914550781,2688600
2023-01-31,366.8284606933594,370.6000061035156,372.4800109863281,367.0199890136719,369.989990234375,3137400
2023-02-01,370.27301025390625,374.0799865722656,376.7799987792969,367.0,368.57000732421875,2951900
2023-02-02,371.1242370605469,374.94000244140625,380.4700012207031,372.79998779296875,379.5199890136719,2761600
2023-02-03,370.1047668457031,373.9100036621094,378.2200012207031,370.489990234375,370.79998779296875,2739600
2023-02-06,369.1742858886719,372.9700012207031,374.3299865722656,369.04998779296875,370.0,2068300
2023-02-07,371.2430419921875,375.05999755859375,377.07000732421875,368.8399963378906,371.510009765625,2309100
2023-02-08,366.5809631347656,370.3500061035156,375.7900085449219,370.1400146484375,373.1700134277344,2193600
2023-02-09,366.6502685546875,370.4200134277344,374.57000732421875,369.25,373.29998779296875,2287600
2023-02-10,363.0968017578125,366.8299865722656,370.25,362.9200134277344,369.6400146484375,2270700
2023-02-13,367.05609130859375,370.8299865722656,371.1400146484375,367.07000732421875,368.55999755859375,2286400
2023-02-14,366.1949462890625,369.9599914550781,373.4100036621094,367.7300109863281,369.5799865722656,1841400
2023-02-15,365.8782043457031,369.6400146484375,369.79998779296875,365.010009765625,366.2799987792969,2203300
2023-02-16,363.8094482421875,367.54998779296875,373.0799865722656,364.8999938964844,364.8999938964844,2792700
2023-02-17,357.4548034667969,361.1300048828125,366.70001220703125,359.79998779296875,364.05999755859375,2718900
2023-02-21,352.3373718261719,355.9599914550781,361.7699890136719,355.19000244140625,356.760009765625,2730900
2023-02-22,351.3575134277344,354.9700012207031,357.739990234375,353.2099914550781,355.3599853515625,2109300
2023-02-23,351.9117736816406,355.5299987792969,357.739990234375,351.6600036621094,357.739990234375,1975500
2023-02-24,349.5262756347656,353.1199951171875,354.0,349.5899963378906,350.82000732421875,2016100
2023-02-27,351.8623352050781,355.4800109863281,358.0299987792969,354.82000732421875,355.6400146484375,2200800
2023-02-28,351.67425537109375,355.2900085449219,357.79998779296875,353.239990234375,354.80999755859375,2732900
2023-03-01,349.9024353027344,353.5,355.30999755859375,349.3900146484375,354.0,1968100
2023-03-02,351.9513854980469,355.57000732421875,356.6199951171875,351.69000244140625,353.6300048828125,2526000
2023-03-03,357.8210754394531,361.5,361.69000244140625,357.0899963378906,358.1199951171875,2174900
2023-03-06,363.1957092285156,366.92999267578125,368.5299987792969,361.260009765625,361.82000732421875,2789400
2023-03-07,356.2768859863281,359.94000244140625,369.1499938964844,359.54998779296875,367.1700134277344,1660800
2023-03-08,355.37615966796875,359.0299987792969,361.70001220703125,357.2799987792969,358.6099853515625,1634400
2023-03-09,350.8329162597656,354.44000244140625,364.0199890136719,353.9100036621094,359.25,2414700
2023-03-10,343.5774841308594,347.1099853515625,353.04998779296875,345.2300109863281,352.4100036621094,3176400
2023-03-13,341.2018737792969,344.7099914550781,349.8599853515625,340.2099914550781,343.6300048828125,3308200
2023-03-14,349.2294006347656,352.82000732421875,356.1099853515625,348.55999755859375,351.0,3413300
2023-03-15,344.5375671386719,348.0799865722656,348.3999938964844,343.6400146484375,346.04998779296875,3082600
2023-03-16,344.4584045410156,348.0,348.69000244140625,340.2799987792969,346.6199951171875,3768100
2023-03-17,346.10150146484375,349.6600036621094,351.94000244140625,346.8599853515625,350.25,8426800
2023-03-20,345.7650146484375,349.32000732421875,353.8399963378906,347.3399963378906,348.0,3864200
2023-03-21,350.9615478515625,354.57000732421875,356.20001220703125,350.8299865722656,354.3699951171875,3766800
2023-03-22,347.4575500488281,351.0299987792969,360.0,351.0299987792969,354.6099853515625,2596400
2023-03-23,350.76361083984375,354.3699951171875,359.8599853515625,351.8399963378906,352.4100036621094,2598100
2023-03-24,348.0514831542969,351.6300048828125,352.4200134277344,346.30999755859375,350.45001220703125,2971500
2023-03-27,351.01104736328125,354.6199951171875,357.8900146484375,354.2799987792969,355.57000732421875,2420300
2023-03-28,350.7240295410156,354.3299865722656,355.8999938964844,352.79998779296875,355.55999755859375,1695900
2023-03-29,355.87109375,359.5299987792969,360.0299987792969,355.82000732421875,357.3800048828125,2327000
2023-03-30,355.6038818359375,359.260009765625,362.5899963378906,358.239990234375,360.95001220703125,2480500
2023-03-31,359.71160888671875,363.4100036621094,363.6499938964844,360.3800048828125,361.1300048828125,3376600
2023-04-03,362.74041748046875,366.4700012207031,366.6600036621094,361.75,362.6099853515625,2978000
2023-04-04,360.1965637207031,363.8999938964844,369.1199951171875,363.3800048828125,366.79998779296875,2198700
2023-04-05,360.6526184082031,363.7900085449219,365.1300048828125,361.6099853515625,363.4800109863281,2239600
2023-04-06,358.3526306152344,361.4700012207031,362.0400085449219,355.9700012207031,361.2099914550781,2357600
2023-04-10,357.03411865234375,360.1400146484375,360.92999267578125,357.5799865722656,359.7099914550781,1559100
2023-04-11,360.98968505859375,364.1300048828125,365.19000244140625,361.1600036621094,363.4200134277344,3033800
2023-04-12,358.6599426269531,361.7799987792969,368.6000061035156,361.0299987792969,366.0799865722656,2268800
2023-04-13,366.46209716796875,369.6499938964844,369.75,363.3900146484375,363.82000732421875,2611700
2023-04-14,369.21807861328125,372.42999267578125,373.3900146484375,369.1099853515625,370.0,2254600
2023-04-17,369.5452880859375,372.760009765625,374.1000061035156,368.3900146484375,373.3599853515625,2432700
2023-04-18,369.10906982421875,372.32000732421875,373.95001220703125,369.9599914550781,373.95001220703125,2087800
2023-04-19,369.5849609375,372.79998779296875,374.1499938964844,371.1600036621094,372.989990234375,1795300
2023-04-20,371.7659606933594,375.0,375.19000244140625,369.69000244140625,371.45001220703125,2124800
2023-04-21,372.0038757324219,375.239990234375,377.42999267578125,373.260009765625,375.7200012207031,3537800
2023-04-24,371.498291015625,374.7300109863281,377.6400146484375,373.6199951171875,375.1499938964844,1886300
2023-04-25,365.35174560546875,368.5299987792969,374.5799865722656,368.32000732421875,373.5,2245000
2023-04-26,363.5970153808594,366.760009765625,372.2200012207031,366.0899963378906,369.6400146484375,2594200
2023-04-27,370.4474182128906,373.6700134277344,374.9800109863281,361.0,366.5799865722656,3859900
2023-04-28,376.7525634765625,380.0299987792969,381.92999267578125,371.510009765625,372.5299987792969,3107300
2023-05-01,376.5840148925781,379.8599853515625,382.4599914550781,378.9599914550781,380.489990234375,1745100
2023-05-02,372.78704833984375,376.0299987792969,378.8399963378906,370.94000244140625,377.7699890136719,2478700
2023-05-03,371.6668395996094,374.8999938964844,379.54998779296875,374.3299865722656,376.6700134277344,1970900
2023-05-04,372.87628173828125,376.1199951171875,376.8500061035156,372.1400146484375,374.5,2814900
2023-05-05,381.3426513671875,384.6600036621094,385.1499938964844,378.239990234375,380.57000732421875,2682800
2023-05-08,382.1853332519531,385.510009765625,387.4599914550781,383.7699890136719,384.010009765625,1719600
2023-05-09,379.6374816894531,382.94000244140625,386.1700134277344,382.70001220703125,383.8800048828125,2036400
2023-05-10,379.240966796875,382.5400085449219,386.760009765625,377.6499938964844,385.989990234375,1940800
2023-05-11,380.0836181640625,383.3900146484375,385.7200012207031,379.260009765625,382.2099914550781,1901200
2023-05-12,378.6263122558594,381.9200134277344,385.0199890136719,378.79998779296875,384.489990234375,2044000
2023-05-15,380.1034240722656,383.4100036621094,383.6600036621094,380.5299987792969,381.8699951171875,1957400
2023-05-16,376.9607849121094,380.239990234375,383.6000061035156,377.32000732421875,382.6000061035156,2762700
2023-05-17,383.6624450683594,387.0,387.5199890136719,379.1300048828125,382.20001220703125,3260300
2023-05-18,388.63916015625,392.0199890136719,392.0199890136719,385.80999755859375,387.1099853515625,3729500
2023-05-19,382.24481201171875,385.57000732421875,392.20001220703125,385.1400146484375,392.0,3368800
2023-05-22,381.2137756347656,384.5299987792969,387.3699951171875,384.17999267578125,384.989990234375,1808800
2023-05-23,370.52679443359375,373.75,382.0299987792969,370.44000244140625,381.5199890136719,3979000
2023-05-24,365.322021484375,368.5,369.6099853515625,365.5799865722656,369.3699951171875,2655700
2023-05-25,366.8487854003906,370.0400085449219,370.989990234375,364.9100036621094,367.9100036621094,3752200
2023-05-26,371.14141845703125,374.3699951171875,375.67999267578125,370.04998779296875,371.0,2691300
2023-05-30,364.33062744140625,367.5,376.6300048828125,366.20001220703125,376.2799987792969,3430100
2023-05-31,361.87200927734375,365.0199890136719,365.70001220703125,357.8500061035156,365.0,10695300
2023-06-01,367.6814880371094,370.8800048828125,371.0899963378906,366.04998779296875,367.1600036621094,3389700
2023-06-02,370.50689697265625,373.7300109863281,375.82000732421875,372.1499938964844,374.5899963378906,2501200
2023-06-05,367.3245849609375,370.5199890136719,372.79998779296875,368.5299987792969,372.75,2316200
2023-06-06,376.68316650390625,379.9599914550781,380.3800048828125,371.80999755859375,372.95001220703125,2758700
2023-06-07,368.1871337890625,371.3900146484375,380.5,368.260009765625,379.2900085449219,3714500
2023-06-08,364.4198303222656,367.5899963378906,369.7699890136719,365.8500061035156,369.3599853515625,2594700
2023-06-09,366.03582763671875,369.2200012207031,372.1099853515625,367.760009765625,370.4599914550781,2201800
2023-06-12,372.0732727050781,375.30999755859375,375.9700012207031,369.94000244140625,370.6700134277344,2407500
2023-06-13,368.17718505859375,371.3800048828125,377.17999267578125,369.80999755859375,375.30999755859375,2444100
2023-06-14,371.5280456542969,374.760009765625,378.0799865722656,372.0199890136719,372.92999267578125,2775400
2023-06-15,375.7711486816406,379.0400085449219,379.57000732421875,370.5199890136719,373.2699890136719,2558100
2023-06-16,373.28277587890625,376.5299987792969,382.8999938964844,376.1600036621094,381.6099853515625,5886900
2023-06-20,371.3891906738281,374.6199951171875,379.510009765625,373.75,375.010009765625,3961700
2023-06-21,372.8961181640625,376.1400146484375,378.3900146484375,373.6600036621094,373.9599914550781,2301300
2023-06-22,374.54180908203125,377.79998779296875,378.4800109863281,373.95001220703125,375.1099853515625,1933300
2023-06-23,376.5344543457031,379.80999755859375,381.1199951171875,373.2200012207031,374.9800109863281,3739100
2023-06-26,374.16510009765625,377.4200134277344,379.989990234375,375.3500061035156,378.05999755859375,3327800
2023-06-27,378.4974060058594,381.7900085449219,382.8399963378906,379.010009765625,380.3399963378906,2197300
2023-06-28,376.9508361816406,380.2300109863281,381.3999938964844,378.6700134277344,381.19000244140625,2012400
2023-06-29,384.3266906738281,387.6700134277344,388.010009765625,380.5,380.8500061035156,2524600
2023-06-30,389.90814208984375,393.29998779296875,395.1700134277344,388.1000061035156,388.1000061035156,4406800
2023-07-03,390.56243896484375,393.9599914550781,394.30999755859375,388.67999267578125,391.3399963378906,1304600
2023-07-05,391.3258361816406,394.7300109863281,395.25,387.1300048828125,388.80999755859375,2781800
2023-07-06,390.3131408691406,393.1400146484375,394.2099914550781,389.739990234375,393.8299865722656,2156600
2023-07-07,385.8852233886719,388.67999267578125,392.45001220703125,388.3999938964844,390.6600036621094,2654400
2023-07-10,389.3401794433594,392.1600036621094,393.42999267578125,388.010009765625,388.4800109863281,2148600
2023-07-11,394.9396057128906,397.79998779296875,398.4599914550781,392.3399963378906,393.6199951171875,2106200
2023-07-12,397.8088684082031,400.69000244140625,403.1700134277344,398.7099914550781,399.0,2273400
2023-07-13,397.6798095703125,400.55999755859375,403.239990234375,400.4599914550781,403.0,2354900
2023-07-14,399.6158142089844,402.510009765625,403.489990234375,400.29998779296875,402.1199951171875,1978500
2023-07-17,399.3080139160156,402.20001220703125,404.0,401.1199951171875,401.95001220703125,2344500
2023-07-18,395.2970886230469,398.1600036621094,401.94000244140625,395.2099914550781,400.4200134277344,2676200
2023-07-19,395.4062805175781,398.2699890136719,399.8500061035156,396.30999755859375,398.0,1809700
2023-07-20,395.1977844238281,398.05999755859375,399.7200012207031,395.54998779296875,397.1400146484375,2570700
2023-07-21,394.6318664550781,397.489990234375,401.510009765625,397.4200134277344,398.6700134277344,1868100
2023-07-24,401.8793640136719,404.7900085449219,404.9100036621094,396.6099853515625,397.4800109863281,3029800
2023-07-25,398.3946533203125,401.2799987792969,404.8599853515625,401.0,403.3699951171875,2490500
2023-07-26,399.5164794921875,402.4100036621094,403.30999755859375,395.75,399.17999267578125,2572300
2023-07-27,391.663330078125,394.5,405.19000244140625,393.95001220703125,405.19000244140625,3563300
2023-07-28,390.1343994140625,392.9599914550781,398.0,388.8800048828125,397.9599914550781,4501000
2023-07-31,391.4449462890625,394.2799987792969,396.0799865722656,392.4700012207031,393.9700012207031,3578300
2023-08-01,394.2148742675781,397.07000732421875,397.29998779296875,392.3599853515625,393.7799987792969,2344200
2023-08-02,387.2155456542969,390.0199890136719,394.2099914550781,389.5799865722656,393.8800048828125,2410600
2023-08-03,390.1841125488281,393.010009765625,393.44000244140625,386.4200134277344,387.55999755859375,2190500
2023-08-04,388.5360412597656,391.3500061035156,396.0899963378906,390.07000732421875,391.6099853515625,2215200
2023-08-07,394.0163269042969,396.8699951171875,397.75,393.0,393.0,1559800
2023-08-08,390.36279296875,393.19000244140625,396.3800048828125,390.1300048828125,396.17999267578125,1747000
2023-08-09,390.83935546875,393.6700134277344,396.7900085449219,391.8699951171875,393.8599853515625,1806100
2023-08-10,394.2843933105469,397.1400146484375,400.6300048828125,395.7099914550781,396.4599914550781,2154500
2023-08-11,392.13995361328125,394.9800109863281,396.6700134277344,392.80999755859375,395.75,1464600
2023-08-14,395.71405029296875,398.5799865722656,399.2300109863281,394.6099853515625,396.45001220703125,1638500
2023-08-15,391.6137390136719,394.45001220703125,397.489990234375,393.5899963378906,397.489990234375,1753200
2023-08-16,391.5343017578125,394.3699951171875,399.20001220703125,393.1199951171875,393.44000244140625,2002000
2023-08-17,389.79693603515625,392.6199951171875,396.2099914550781,390.989990234375,396.1400146484375,2118600
2023-08-18,389.3501281738281,392.1700134277344,393.8399963378906,388.8299865722656,389.82000732421875,2001800
2023-08-21,390.37274169921875,393.20001220703125,394.989990234375,391.0199890136719,393.2099914550781,1869400
2023-08-22,394.9793395996094,397.8399963378906,398.7699890136719,393.67999267578125,395.0,2422500
2023-08-23,398.17620849609375,401.05999755859375,401.9200134277344,398.3599853515625,399.2699890136719,1943200
2023-08-24,394.81060791015625,397.6700134277344,404.0,397.5,401.5899963378906,1970000
2023-08-25,399.9930419921875,402.8900146484375,404.6199951171875,399.0,400.6499938964844,2154600
2023-08-28,404.5103454589844,407.44000244140625,407.79998779296875,403.1499938964844,404.0,1901300
2023-08-29,408.6900329589844,411.6499938964844,412.19000244140625,406.5899963378906,407.4200134277344,2188800
2023-08-30,410.9338073730469,413.9100036621094,417.7799987792969,413.5199890136719,414.7799987792969,2516600
2023-08-31,409.67291259765625,412.6400146484375,416.2900085449219,411.7799987792969,414.2099914550781,2535100
2023-09-01,412.58184814453125,415.57000732421875,416.510009765625,412.489990234375,413.8399963378906,1840600
2023-09-05,408.5411376953125,411.5,415.3999938964844,409.70001220703125,413.3500061035156,2045600
2023-09-06,410.2090148925781,413.17999267578125,413.3800048828125,408.8900146484375,410.7799987792969,2292100
2023-09-07,411.6387023925781,414.6199951171875,416.1300048828125,411.7300109863281,411.9200134277344,2502700
2023-09-08,411.85711669921875,414.8399963378906,416.3299865722656,413.8599853515625,415.0,1868900
2023-09-11,413.69378662109375,416.69000244140625,417.5899963378906,414.6400146484375,416.8500061035156,1544700
2023-09-12,413.2768249511719,416.2699890136719,417.6499938964844,415.25,415.95001220703125,1997600
2023-09-13,413.30657958984375,416.29998779296875,418.4100036621094,414.9700012207031,416.1700134277344,2142200
2023-09-14,410.3678894042969,413.3399963378906,418.6000061035156,407.7799987792969,418.29998779296875,3557700
2023-09-15,411.3309326171875,414.30999755859375,418.29998779296875,411.1400146484375,411.8599853515625,4753800
2023-09-18,414.1306457519531,417.1300048828125,417.8900146484375,413.0400085449219,413.8800048828125,1808000
2023-09-19,410.5565490722656,413.5299987792969,417.1000061035156,411.1000061035156,416.9599914550781,1730900
2023-09-20,407.5681457519531,410.5199890136719,415.8500061035156,410.0799865722656,413.7699890136719,1580000
2023-09-21,400.4596252441406,403.3599853515625,408.7699890136719,402.1000061035156,408.3399963378906,2450700
2023-09-22,399.3278503417969,402.2200012207031,406.8500061035156,401.55999755859375,404.3900146484375,1885000
2023-09-25,399.5959167480469,402.489990234375,403.2300109863281,399.8399963378906,400.6000061035156,1846500
2023-09-26,392.53704833984375,395.3800048828125,400.8500061035156,393.6099853515625,400.0,2940400
2023-09-27,392.6363220214844,395.4800109863281,397.0299987792969,391.4800109863281,396.2099914550781,1987500
2023-09-28,396.5678405761719,399.44000244140625,401.3500061035156,395.3699951171875,395.8299865722656,2216200
2023-09-29,393.0632629394531,395.9100036621094,402.17999267578125,394.25,402.0299987792969,3032300
2023-10-02,393.0036315917969,395.8500061035156,396.3599853515625,392.45001220703125,393.6000061035156,2856800
2023-10-03,388.24810791015625,391.05999755859375,397.8599853515625,388.9700012207031,394.5,2527900
2023-10-04,390.9286804199219,393.760009765625,394.4700012207031,388.5799865722656,392.0,1813400
2023-10-05,391.9328918457031,394.20001220703125,394.7200012207031,390.0,390.3900146484375,2116600
2023-10-06,395.6811828613281,397.9700012207031,401.0,390.5,393.2300109863281,2484000
2023-10-09,392.4697570800781,394.739990234375,396.5,389.5799865722656,394.4599914550781,2475100
2023-10-10,398.0674133300781,400.3699951171875,402.7200012207031,393.8500061035156,395.5400085449219,2713800
2023-10-11,397.5105895996094,399.80999755859375,405.1300048828125,397.3599853515625,403.25,2055600
2023-10-12,397.60009765625,399.8999938964844,405.3399963378906,397.32000732421875,403.79998779296875,1779000
2023-10-13,395.7408447265625,398.0299987792969,402.1400146484375,395.0799865722656,398.80999755859375,2235600
2023-10-16,398.8528747558594,401.1600036621094,404.42999267578125,398.7799987792969,400.239990234375,2202100
2023-10-17,399.4593200683594,401.7699890136719,403.6099853515625,398.45001220703125,399.6400146484375,2176000
2023-10-18,390.9485168457031,393.2099914550781,401.3699951171875,392.55999755859375,399.1099853515625,1951400
2023-10-19,385.6392517089844,387.8699951171875,394.8299865722656,385.5,393.8500061035156,3472800
2023-10-20,382.19915771484375,384.4100036621094,389.989990234375,384.1700134277344,387.8699951171875,2652500
2023-10-23,381.4634094238281,383.6700134277344,387.8599853515625,381.0,382.30999755859375,1771800
2023-10-24,384.684814453125,386.9100036621094,389.42999267578125,383.8699951171875,385.5,2003300
2023-10-25,384.0882263183594,386.30999755859375,388.6300048828125,382.239990234375,384.0,3504500
2023-10-26,362.4931640625,364.5899963378906,375.54998779296875,363.0400085449219,371.0199890136719,6920100
2023-10-27,361.9860534667969,364.0799865722656,368.2900085449219,359.7699890136719,366.489990234375,3624900
2023-10-30,370.27813720703125,372.4200134277344,373.2300109863281,364.7200012207031,366.5199890136719,3386400
2023-10-31,374.1855163574219,376.3500061035156,377.67999267578125,373.1099853515625,373.32000732421875,2978800
2023-11-01,375.6470642089844,377.82000732421875,380.3999938964844,375.0400085449219,378.6700134277344,2354700
2023-11-02,380.48907470703125,382.69000244140625,383.0400085449219,378.489990234375,380.29998779296875,2816000
2023-11-03,383.8297424316406,386.04998779296875,388.44000244140625,383.7300109863281,385.0,2269100
2023-11-06,383.9391174316406,386.1600036621094,388.25,384.2099914550781,387.1000061035156,2020500
2023-11-07,386.633544921875,388.8699951171875,389.5899963378906,384.29998779296875,386.0,2324200
2023-11-08,387.458740234375,389.70001220703125,391.3699951171875,387.0,387.1099853515625,2838400
2023-11-09,385.728759765625,387.9599914550781,391.45001220703125,387.2699890136719,390.9599914550781,2657100
2023-11-10,392.1118469238281,394.3800048828125,395.0899963378906,386.739990234375,390.0400085449219,2807000
2023-11-13,392.0820007324219,394.3500061035156,395.6300048828125,393.0199890136719,394.3500061035156,1614600
2023-11-14,395.363037109375,397.6499938964844,401.67999267578125,396.75,397.17999267578125,2733900
2023-11-15,394.5476989746094,396.8299865722656,399.2799987792969,394.760009765625,397.4700012207031,2434600
2023-11-16,394.8161926269531,397.1000061035156,399.95001220703125,395.54998779296875,398.010009765625,3060600
2023-11-17,397.9977722167969,400.29998779296875,401.1199951171875,397.9100036621094,399.9700012207031,2365500
2023-11-20,402.07421875,404.3999938964844,405.20001220703125,398.260009765625,400.7200012207031,2768300
2023-11-21,406.59808349609375,408.95001220703125,410.3500061035156,405.69000244140625,405.7200012207031,2567500
2023-11-22,407.9700927734375,410.3299865722656,412.8500061035156,410.1499938964844,412.260009765625,1967900
2023-11-24,410.1276550292969,412.5,412.9700012207031,410.5299987792969,412.489990234375,1053500
2023-11-27,406.6179504394531,408.9700012207031,412.7200012207031,408.25,411.0,2665900
2023-11-28,406.65771484375,409.010009765625,410.6400146484375,407.4599914550781,409.0799865722656,2645000
2023-11-29,407.4630432128906,409.82000732421875,412.0799865722656,409.4200134277344,411.010009765625,2151400
2023-11-30,411.449951171875,413.8299865722656,414.1600036621094,408.7799987792969,410.1000061035156,3203500
2023-12-01,411.9768981933594,414.3599853515625,416.6000061035156,411.57000732421875,412.8900146484375,2171400
2023-12-04,405.8822021484375,408.2300109863281,414.8500061035156,408.0299987792969,413.8299865722656,3097900
2023-12-05,406.3395080566406,408.69000244140625,409.04998779296875,404.32000732421875,407.0899963378906,2755600
2023-12-06,408.0198669433594,410.3800048828125,413.82000732421875,407.1600036621094,411.42999267578125,2224200
2023-12-07,410.7738342285156,413.1499938964844,413.57000732421875,409.989990234375,412.07000732421875,2363000
2023-12-08,409.78955078125,412.1600036621094,413.6700134277344,409.2300109863281,412.2200012207031,1959300
2023-12-11,413.31915283203125,415.7099914550781,416.1700134277344,412.3800048828125,412.4599914550781,2236000
2023-12-12,418.3302001953125,420.75,421.0,414.70001220703125,417.0,2736500
2023-12-13,422.237548828125,424.67999267578125,426.3699951171875,419.1499938964844,421.8599853515625,3694200
2023-12-14,416.15277099609375,418.55999755859375,425.8500061035156,415.8999938964844,425.010009765625,3989700
2023-12-15,416.1627197265625,418.57000732421875,419.260009765625,411.6000061035156,412.6199951171875,5566600
2023-12-18,421.989013671875,424.42999267578125,425.0899963378906,419.5299987792969,419.5299987792969,2686900
2023-12-19,423.0230407714844,425.4700012207031,426.67999267578125,422.5199890136719,424.04998779296875,2256200
2023-12-20,417.0376892089844,419.45001220703125,427.6099853515625,419.239990234375,425.0799865722656,3058300
2023-12-21,421.00469970703125,423.44000244140625,423.8999938964844,420.6099853515625,421.7900085449219,2213600
2023-12-22,421.660888671875,424.1000061035156,427.1700134277344,422.9599914550781,424.75,1759000
2023-12-26,421.2333679199219,423.6700134277344,425.7200012207031,422.95001220703125,425.0,1258200
2023-12-27,421.9194030761719,424.3599853515625,425.010009765625,422.9599914550781,423.0,1324100
2023-12-28,423.8681335449219,426.32000732421875,428.3599853515625,423.67999267578125,423.7699890136719,1505000
2023-12-29,424.05706787109375,426.510009765625,428.3500061035156,424.2699890136719,426.67999267578125,1706100
2024-01-02,419.4635925292969,421.8900146484375,424.2799987792969,419.55999755859375,424.0899963378906,2463700
2024-01-03,416.361572265625,418.7699890136719,421.3399963378906,417.5,421.20001220703125,3093700
2024-01-04,417.35577392578125,419.7699890136719,423.45001220703125,418.2799987792969,418.5,2042600
2024-01-05,417.0078125,419.4200134277344,422.760009765625,416.989990234375,420.489990234375,2415900
2024-01-08,420.21435546875,421.9800109863281,422.0799865722656,416.5299987792969,419.44000244140625,2125400
2024-01-09,420.8317565917969,422.6000061035156,423.70001220703125,418.5400085449219,419.1000061035156,2439300
2024-01-10,426.47802734375,428.2699890136719,429.4700012207031,424.1499938964844,426.0,2709300
2024-01-11,424.9345397949219,426.7200012207031,431.7900085449219,425.7699890136719,430.0,2320600
2024-01-12,427.3045654296875,429.1000061035156,431.1099853515625,427.70001220703125,429.95001220703125,1892400
2024-01-16,426.5577087402344,428.3500061035156,429.7300109863281,426.5199890136719,427.44000244140625,2398000
2024-01-17,425.6316223144531,427.4200134277344,430.3800048828125,425.4800109863281,425.4800109863281,2690400
2024-01-18,428.91778564453125,430.7200012207031,431.2200012207031,427.45001220703125,428.6400146484375,2075700
2024-01-19,434.9524230957031,436.7799987792969,437.07000732421875,429.3399963378906,432.54998779296875,2400200
2024-01-22,437.9100036621094,439.75,440.94000244140625,437.260009765625,438.9800109863281,2715500
2024-01-23,436.9241638183594,438.760009765625,440.6000061035156,437.8599853515625,440.2699890136719,2328600
2024-01-24,436.8644104003906,438.70001220703125,440.92999267578125,435.760009765625,438.5299987792969,2725700
2024-01-25,434.9723205566406,436.79998779296875,438.6300048828125,434.4599914550781,436.0,2977800
2024-01-26,436.6950988769531,438.5299987792969,439.8900146484375,430.6700134277344,432.54998779296875,2725400
2024-01-29,438.73651123046875,440.5799865722656,440.9599914550781,434.6700134277344,435.7799987792969,2314200
2024-01-30,443.3272399902344,445.19000244140625,446.2200012207031,440.04998779296875,440.8999938964844,2663600
2024-01-31,447.350341796875,449.2300109863281,462.0,446.6199951171875,450.0,4740500
2024-02-01,458.9914245605469,460.9200134277344,461.1400146484375,454.04998779296875,455.0,3292700
2024-02-02,458.6528625488281,460.5799865722656,463.8399963378906,458.5,462.2099914550781,2050300
2024-02-05,454.8488464355469,456.760009765625,461.3699951171875,455.5299987792969,459.510009765625,2438800
2024-02-06,458.57318115234375,460.5,460.55999755859375,455.3599853515625,455.3599853515625,2201900
2024-02-07,459.977294921875,461.9100036621094,462.239990234375,459.6199951171875,461.2099914550781,2544300
2024-02-08,456.3425598144531,458.260009765625,460.75,457.45001220703125,460.0,2081300
2024-02-09,455.96417236328125,457.8800048828125,458.989990234375,456.3699951171875,458.05999755859375,2155400
2024-02-12,456.7906494140625,458.7099914550781,459.3999938964844,456.0799865722656,459.17999267578125,1794500
2024-02-13,458.5333557128906,460.4599914550781,461.8800048828125,456.0400085449219,456.760009765625,2407700
2024-02-14,463.24359130859375,465.19000244140625,465.45001220703125,459.44000244140625,462.0,2202700
2024-02-15,469.3080749511719,471.2799987792969,472.1099853515625,465.2300109863281,465.8299865722656,2354100
2024-02-16,466.1712646484375,468.1300048828125,474.1700134277344,467.07000732421875,474.1700134277344,2237200
2024-02-20,449.85980224609375,451.75,455.8500061035156,450.1199951171875,452.79998779296875,5044200
2024-02-21,457.1292419433594,459.04998779296875,459.6000061035156,452.0,453.30999755859375,2896500
2024-02-22,469.5869140625,471.55999755859375,472.5,461.5799865722656,461.80999755859375,2572800
2024-02-23,471.4391784667969,473.4200134277344,475.1700134277344,471.8599853515625,473.7300109863281,1764100
2024-02-26,472.5245666503906,474.510009765625,475.0799865722656,472.0,473.0,2066900
2024-02-27,472.7635498046875,474.75,475.0,469.95001220703125,474.54998779296875,2011100
2024-02-28,476.8464050292969,478.8500061035156,479.1400146484375,473.6700134277344,474.1700134277344,1931900
2024-02-29,472.7735290527344,474.760009765625,478.3900146484375,472.04998779296875,478.0,3072500
2024-03-01,474.63568115234375,476.6300048828125,477.5,473.8999938964844,474.9100036621094,1748300
2024-03-04,466.52972412109375,468.489990234375,476.6300048828125,465.7699890136719,475.6700134277344,3212400
2024-03-05,465.56378173828125,467.5199890136719,469.239990234375,464.6199951171875,467.3699951171875,2015100
2024-03-06,469.6267395019531,471.6000061035156,473.6199951171875,467.1600036621094,467.1600036621094,1917100
2024-03-07,465.583740234375,467.5400085449219,473.2699890136719,465.8900146484375,473.20001220703125,2178100
2024-03-08,467.2965393066406,469.260009765625,471.6199951171875,467.1000061035156,467.1000061035156,1596900
2024-03-11,467.19696044921875,469.1600036621094,469.3699951171875,464.69000244140625,469.0,1774500
2024-03-12,470.89141845703125,472.8699951171875,474.3699951171875,468.7099914550781,470.5299987792969,1853900
2024-03-13,473.6199645996094,475.6099853515625,476.1600036621094,472.7799987792969,474.2300109863281,2103900
2024-03-14,477.4737854003906,479.4800109863281,482.0,477.17999267578125,481.0199890136719,2757700
2024-03-15,473.8390197753906,475.8299865722656,478.4599914550781,473.0799865722656,473.3399963378906,4179300
2024-03-18,476.8862609863281,478.8900146484375,480.82000732421875,476.6499938964844,478.6400146484375,2072300
2024-03-19,481.974853515625,484.0,484.6099853515625,479.510009765625,481.6199951171875,2049500
2024-03-20,485.9979553222656,488.0400085449219,488.45001220703125,483.6400146484375,484.32000732421875,1691100
2024-03-21,486.595458984375,488.6400146484375,490.0,483.3999938964844,488.5299987792969,2580300
2024-03-22,479.6546325683594,481.6700134277344,488.8900146484375,481.4599914550781,488.30999755859375,2277300
2024-03-25,474.0481872558594,476.0400085449219,482.32000732421875,474.4100036621094,481.6000061035156,2600300
2024-03-26,474.8049621582031,476.79998779296875,480.0,472.30999755859375,477.7200012207031,2515100
2024-03-27,475.9501647949219,477.95001220703125,482.1600036621094,474.75,480.5,2309400
2024-03-28,479.5550231933594,481.57000732421875,482.42999267578125,477.2799987792969,477.9100036621094,2214500
2024-04-01,476.39825439453125,478.3999938964844,483.2799987792969,477.3299865722656,480.6600036621094,1648200
2024-04-02,477.4239807128906,479.42999267578125,480.4100036621094,476.29998779296875,476.9700012207031,3265100
2024-04-03,475.4223937988281,477.4200134277344,483.29998779296875,477.2099914550781,480.44000244140625,2265000
2024-04-04,467.80438232421875,469.7699890136719,481.9599914550781,469.0,479.9700012207031,2552600
2024-04-05,475.1535339355469,477.1499938964844,479.30999755859375,472.5299987792969,474.0,2462400
2024-04-08,477.50689697265625,478.8500061035156,479.67999267578125,474.2799987792969,476.3999938964844,1961800
2024-04-09,470.8356628417969,472.1600036621094,478.8900146484375,467.8299865722656,477.9700012207031,2218000
2024-04-10,467.85406494140625,469.1700134277344,474.3900146484375,468.8500061035156,470.1700134277344,2710500
2024-04-11,466.9964294433594,468.30999755859375,470.3500061035156,464.19000244140625,468.2799987792969,2299900
2024-04-12,464.07464599609375,465.3800048828125,469.5199890136719,462.1099853515625,466.0,2486300
2024-04-15,458.5003356933594,459.7900085449219,471.0,458.42999267578125,470.239990234375,2070500
2024-04-16,458.5302734375,459.82000732421875,463.3800048828125,459.0,460.0,1787200
2024-04-17,458.8692932128906,460.1600036621094,463.4100036621094,458.1499938964844,462.7699890136719,1735000
2024-04-18,453.42462158203125,454.70001220703125,461.9100036621094,453.79998779296875,460.5,1998900
2024-04-19,454.1127014160156,455.3900146484375,459.8599853515625,452.5899963378906,458.8900146484375,2546300
2024-04-22,455.4688720703125,456.75,460.739990234375,455.1300048828125,457.5,2157400
2024-04-23,461.5218811035156,462.82000732421875,462.9800109863281,457.30999755859375,458.4800109863281,2029100
2024-04-24,461.2027282714844,462.5,468.1499938964844,460.3500061035156,465.2900085449219,4043100
2024-04-25,460.8138122558594,462.1099853515625,464.0,456.7200012207031,460.94000244140625,2006500
2024-04-26,461.12298583984375,462.4200134277344,464.82000732421875,460.94000244140625,462.9100036621094,1963300
2024-04-29,455.8179016113281,457.1000061035156,461.5899963378906,455.67999267578125,460.95001220703125,2120700
2024-04-30,449.9344482421875,451.20001220703125,457.7200012207031,450.8800048828125,456.260009765625,2698800
2024-05-01,440.8300476074219,442.07000732421875,448.9800109863281,438.3800048828125,445.79998779296875,4979100
2024-05-02,439.8627624511719,441.1000061035156,444.6600036621094,438.04998779296875,443.0,3866500
2024-05-03,442.3357849121094,443.5799865722656,445.260009765625,436.8999938964844,444.9100036621094,3711500
2024-05-06,448.10955810546875,449.3699951171875,450.5,445.55999755859375,447.2300109863281,2536200
2024-05-07,451.78924560546875,453.05999755859375,453.29998779296875,447.5299987792969,451.760009765625,2345300
2024-05-08,453.4944152832031,454.7699890136719,455.1099853515625,449.9200134277344,454.0,2332400
2024-05-09,454.21240234375,455.489990234375,456.0299987792969,453.54998779296875,453.54998779296875,1970100
2024-05-10,455.6982421875,456.9800109863281,458.5799865722656,454.9800109863281,457.3299865722656,1729900
2024-05-13,456.4760437011719,457.760009765625,458.7200012207031,455.510009765625,456.92999267578125,2069300
2024-05-14,452.926025390625,454.20001220703125,458.9800109863281,449.29998779296875,457.9200134277344,2991000
2024-05-15,456.7153625488281,458.0,458.6000061035156,452.7900085449219,452.7900085449219,2437800
2024-05-16,457.5829162597656,458.8699951171875,464.92999267578125,458.82000732421875,460.0,2412200
2024-05-17,458.9789733886719,460.2699890136719,461.69000244140625,458.1099853515625,460.45001220703125,1985900
2024-05-20,458.3707275390625,459.6600036621094,462.2200012207031,458.7799987792969,459.4800109863281,1397200
2024-05-21,457.8122863769531,459.1000061035156,460.3900146484375,455.6300048828125,457.9100036621094,2166000
2024-05-22,455.239501953125,456.5199890136719,462.5,455.1700134277344,458.8999938964844,1713700
2024-05-23,449.94439697265625,451.2099914550781,458.04998779296875,450.44000244140625,456.5199890136719,2084600
2024-05-24,449.91448974609375,451.17999267578125,454.45001220703125,450.32000732421875,452.510009765625,2162100
2024-05-28,443.8315734863281,445.0799865722656,450.6300048828125,442.3999938964844,450.0,2670800
2024-05-29,441.22894287109375,442.4700012207031,444.55999755859375,441.79998779296875,442.1099853515625,1876900
2024-05-30,440.8599853515625,442.1000061035156,444.19000244140625,440.6700134277344,442.2099914550781,2189900
2024-05-31,445.8160400390625,447.07000732421875,447.3399963378906,439.260009765625,442.69000244140625,3917100
2024-06-03,441.9468994140625,443.19000244140625,445.0,437.8900146484375,443.4800109863281,2123800
2024-06-04,443.5224609375,444.7699890136719,444.8800048828125,441.32000732421875,443.3599853515625,2096600
2024-06-05,445.4071960449219,446.6600036621094,447.57000732421875,442.30999755859375,446.79998779296875,2157000
2024-06-06,447.4215087890625,448.67999267578125,449.7799987792969,444.6300048828125,448.489990234375,1887100
2024-06-07,448.5284118652344,449.7900085449219,453.0,447.260009765625,449.45001220703125,1664700
2024-06-10,447.9898986816406,449.25,450.1700134277344,444.3699951171875,448.4200134277344,1954500
2024-06-11,447.7804870605469,449.0400085449219,449.25,445.1099853515625,447.8399963378906,1777300
2024-06-12,441.7574462890625,443.0,452.5,441.6000061035156,451.489990234375,2738900
2024-06-13,443.7518310546875,445.0,445.1499938964844,439.32000732421875,443.0,2916600
2024-06-14,443.38287353515625,444.6300048828125,444.9599914550781,441.20001220703125,443.3399963378906,2161500
2024-06-17,446.85308837890625,448.1099853515625,449.3399963378906,441.67999267578125,442.42999267578125,2351900
2024-06-18,448.84747314453125,450.1099853515625,451.20001220703125,446.70001220703125,447.05999755859375,2636500
2024-06-20,451.24078369140625,452.510009765625,454.4800109863281,448.3599853515625,451.05999755859375,3006800
2024-06-21,453.57421875,454.8500061035156,455.29998779296875,450.260009765625,452.19000244140625,5062400
2024-06-24,455.67828369140625,456.9599914550781,463.07000732421875,454.92999267578125,454.92999267578125,2597100
2024-06-25,454.3719482421875,455.6499938964844,460.30999755859375,453.79998779296875,458.4800109863281,2529600
2024-06-26,451.1111145019531,452.3800048828125,454.67999267578125,451.3900146484375,452.75,2451400
2024-06-27,441.5081481933594,442.75,448.70001220703125,442.0,448.57000732421875,3313800
2024-06-28,439.922607421875,441.1600036621094,448.29998779296875,438.7200012207031,444.6400146484375,4105000
2024-07-01,436.3825378417969,437.6099853515625,442.4700012207031,435.54998779296875,440.79998779296875,3149700
2024-07-02,443.4028015136719,444.6499938964844,444.760009765625,435.0,435.0,2061300
2024-07-03,446.92291259765625,448.17999267578125,449.2900085449219,444.2799987792969,445.32000732421875,3192400
2024-07-05,448.229248046875,449.489990234375,449.95001220703125,444.2799987792969,447.1099853515625,2220700
2024-07-08,444.98834228515625,446.239990234375,450.6099853515625,445.0,449.2799987792969,1802700
2024-07-09,444.1095275878906,444.70001220703125,447.5799865722656,442.7900085449219,446.6499938964844,1608400
2024-07-10,433.064208984375,433.6400146484375,437.4100036621094,429.04998779296875,434.6099853515625,4760900
2024-07-11,435.84051513671875,436.4200134277344,437.7699890136719,430.1099853515625,432.0,4032600
2024-07-12,439.5256042480469,440.1099853515625,442.2300109863281,437.32000732421875,437.3999938964844,2645600
2024-07-15,443.41046142578125,444.0,444.3999938964844,438.739990234375,440.3299865722656,1727700
2024-07-16,442.9410705566406,443.5299987792969,447.1600036621094,439.70001220703125,446.94000244140625,2846600
2024-07-17,450.5609436035156,451.1600036621094,451.5199890136719,442.05999755859375,442.3999938964844,2925000
2024-07-18,448.1241760253906,448.7200012207031,455.42999267578125,447.4800109863281,448.75,3339900
2024-07-19,443.1008605957031,443.69000244140625,451.239990234375,443.57000732421875,451.2200012207031,2121700
2024-07-22,447.34521484375,447.94000244140625,448.8500061035156,443.25,445.4100036621094,2111700
2024-07-23,441.13348388671875,441.7200012207031,448.739990234375,441.1099853515625,448.04998779296875,2385500
2024-07-24,431.87579345703125,432.45001220703125,435.8599853515625,428.8599853515625,434.0,3764800
2024-07-25,429.0295715332031,429.6000061035156,437.70001220703125,429.55999755859375,433.94000244140625,2384300
2024-07-26,437.5981750488281,438.17999267578125,440.7799987792969,432.1099853515625,432.2799987792969,2039600
2024-07-29,440.7140197753906,441.29998779296875,442.9200134277344,435.4200134277344,438.79998779296875,2248600
2024-07-30,446.85589599609375,447.45001220703125,448.7300109863281,443.010009765625,443.7699890136719,2266900
2024-07-31,463.0942687988281,463.7099914550781,474.0,457.5400085449219,462.0,4313600
2024-08-01,461.7960205078125,462.4100036621094,467.5,459.19000244140625,465.4599914550781,2590100
2024-08-02,461.4065246582031,462.0199890136719,466.75,458.6099853515625,460.2200012207031,3808100
2024-08-05,441.4131164550781,442.0,461.29998779296875,439.5899963378906,455.0,4496700
2024-08-06,447.7047424316406,448.29998779296875,455.45001220703125,442.1099853515625,443.2200012207031,2758900
2024-08-07,449.2427062988281,449.8399963378906,456.9200134277344,449.0400085449219,450.5299987792969,2059800
2024-08-08,454.9750671386719,455.5799865722656,456.2699890136719,451.0299987792969,452.239990234375,1585400
2024-08-09,456.1734924316406,456.7799987792969,458.79998779296875,453.4599914550781,455.5799865722656,1760200
2024-08-12,455.0849304199219,455.69000244140625,458.4599914550781,453.8900146484375,457.7699890136719,1760000
2024-08-13,458.7500305175781,459.3599853515625,459.6400146484375,454.8900146484375,458.1400146484375,1816100
2024-08-14,459.54901123046875,460.1600036621094,460.5400085449219,456.07000732421875,459.260009765625,1654100
2024-08-15,468.087646484375,468.7099914550781,469.0,464.0,465.1000061035156,2130500
2024-08-16,468.2574157714844,468.8800048828125,470.260009765625,466.0400085449219,468.0,1921900
2024-08-19,466.3599548339844,466.9800109863281,470.1499938964844,465.5199890136719,469.0,1690800
2024-08-20,468.4971008300781,469.1199951171875,469.6700134277344,465.510009765625,468.1300048828125,1763300
2024-08-21,467.3785705566406,468.0,469.0899963378906,464.5199890136719,468.5400085449219,2105900
2024-08-22,468.197509765625,468.82000732421875,470.9100036621094,466.70001220703125,469.489990234375,1538200
2024-08-23,465.8206481933594,466.44000244140625,470.3399963378906,461.8999938964844,470.29998779296875,1986300
2024-08-26,468.01776123046875,468.6400146484375,470.5299987792969,467.0,468.1000061035156,1434400
2024-08-27,474.3592834472656,474.989990234375,475.5,468.2200012207031,471.0799865722656,1635900
2024-08-28,471.17352294921875,471.79998779296875,476.4100036621094,468.8699951171875,475.0,1445300
2024-08-29,480.1615905761719,480.79998779296875,481.9200134277344,474.4700012207031,474.4700012207031,1893400
2024-08-30,482.6982116699219,483.3399963378906,485.739990234375,479.6499938964844,481.8399963378906,2982100
2024-09-03,481.4798278808594,482.1199951171875,486.69000244140625,480.0400085449219,482.4700012207031,2063700
2024-09-04,482.4985046386719,483.1400146484375,486.1700134277344,481.17999267578125,482.0899963378906,2156300
2024-09-05,476.72613525390625,477.3599853515625,484.1600036621094,473.1099853515625,483.1400146484375,2293500
2024-09-06,475.48779296875,476.1199951171875,480.44000244140625,474.7099914550781,477.1099853515625,2116200
2024-09-09,486.4432373046875,487.0899963378906,489.2099914550781,479.57000732421875,480.5,2343600
2024-09-10,487.3719787597656,488.0199890136719,488.3299865722656,482.3299865722656,487.1000061035156,2234100
2024-09-11,487.5317687988281,488.17999267578125,489.1099853515625,477.8399963378906,486.5199890136719,2480000
2024-09-12,491.45654296875,492.1099853515625,492.8800048828125,483.0,486.95001220703125,2299500
2024-09-13,492.70489501953125,493.3599853515625,496.8500061035156,491.45001220703125,493.1000061035156,2204700
2024-09-16,497.04913330078125,497.7099914550781,498.32000732421875,493.3900146484375,495.29998779296875,1589200
2024-09-17,500.32476806640625,500.989990234375,501.739990234375,497.8500061035156,498.6000061035156,2202800
2024-09-18,494.1030578613281,494.760009765625,501.79998779296875,494.0400085449219,501.2799987792969,2193800
2024-09-19,492.3553771972656,493.010009765625,501.1300048828125,486.25,500.0,3517200
2024-09-20,492.0857238769531,492.739990234375,493.5299987792969,487.739990234375,489.6499938964844,3470200
2024-09-23,496.47991943359375,497.1400146484375,497.69000244140625,491.29998779296875,493.1600036621094,2191300
2024-09-24,486.7628173828125,487.4100036621094,493.25,484.4200134277344,492.67999267578125,4143700
2024-09-25,488.80010986328125,489.45001220703125,489.8999938964844,483.5400085449219,484.760009765625,3483200
2024-09-26,490.61767578125,491.2699890136719,493.6300048828125,489.0,491.0,3073700
2024-09-27,492.98455810546875,493.6400146484375,496.0,490.3900146484375,491.0299987792969,2177200
2024-09-30,493.1443176269531,493.79998779296875,494.989990234375,490.1099853515625,491.7799987792969,2862400
2024-10-01,495.7209167480469,496.3800048828125,498.0299987792969,493.1099853515625,497.260009765625,3748100
2024-10-02,494.9119873046875,495.57000732421875,495.9100036621094,489.67999267578125,492.94000244140625,1736500
2024-10-03,494.3127746582031,494.9700012207031,497.0899963378906,493.0,495.54998779296875,1382200
2024-10-04,497.0391540527344,497.70001220703125,499.04998779296875,492.4700012207031,495.55999755859375,1935600
2024-10-07,490.64764404296875,491.29998779296875,498.5299987792969,490.75,497.3299865722656,1990500
2024-10-08,496.3999938964844,497.05999755859375,497.5299987792969,491.5299987792969,492.5,1750100
2024-10-09,499.95001220703125,499.95001220703125,500.75,495.5899963378906,498.3800048828125,1707500
2024-10-10,498.0199890136719,498.0199890136719,500.7200012207031,495.8399963378906,500.0,1491000
2024-10-11,502.260009765625,502.260009765625,502.9200134277344,496.4700012207031,496.510009765625,1919900
2024-10-14,506.6600036621094,506.6600036621094,508.7900085449219,502.04998779296875,504.3599853515625,2127000
2024-10-15,507.2300109863281,507.2300109863281,509.8800048828125,504.0,505.6199951171875,2885900
2024-10-16,514.0700073242188,514.0700073242188,515.4000244140625,506.0,506.3500061035156,2956700
2024-10-17,513.760009765625,513.760009765625,517.0399780273438,511.5199890136719,516.2899780273438,2227400
2024-10-18,516.3400268554688,516.3400268554688,518.0,512.5800170898438,514.5399780273438,2604600
2024-10-21,515.010009765625,515.010009765625,518.8200073242188,513.9400024414062,516.989990234375,2217500
2024-10-22,513.02001953125,513.02001953125,514.5499877929688,510.5,511.1499938964844,1855800
2024-10-23,513.72998046875,513.72998046875,514.719970703125,511.8999938964844,512.6599731445312,1759700
2024-10-24,510.6199951171875,510.6199951171875,513.3400268554688,509.4599914550781,511.8999938964844,1911900
2024-10-25,507.3599853515625,507.3599853515625,514.72998046875,505.6199951171875,512.5,1582200
2024-10-28,508.2099914550781,508.2099914550781,510.8599853515625,506.1400146484375,507.3999938964844,2186400
2024-10-29,506.2799987792969,506.2799987792969,511.3900146484375,505.70001220703125,507.5400085449219,2066300
2024-10-30,513.6900024414062,513.6900024414062,516.4500122070312,507.0,512.52001953125,3121000
2024-10-31,499.5899963378906,499.5899963378906,527.9000244140625,499.0299987792969,521.25,5523300
2024-11-01,508.0799865722656,508.0799865722656,510.54998779296875,498.5299987792969,500.44000244140625,3753700
2024-11-04,505.5799865722656,505.5799865722656,510.0,503.0299987792969,509.1400146484375,2165100
2024-11-05,505.55999755859375,505.55999755859375,508.1499938964844,503.6099853515625,505.5799865722656,2132900
2024-11-06,521.1300048828125,521.1300048828125,523.0,515.9400024414062,520.8599853515625,3673700
2024-11-07,517.8800048828125,517.8800048828125,524.030029296875,516.5900268554688,523.989990234375,2382300
2024-11-08,524.760009765625,524.760009765625,528.8400268554688,519.530029296875,520.3400268554688,2215600
2024-11-11,530.1199951171875,530.1199951171875,534.030029296875,528.52001953125,528.8499755859375,2213400
2024-11-12,529.1699829101562,529.1699829101562,530.9000244140625,527.2999877929688,529.0999755859375,2577600
2024-11-13,521.8800048828125,521.8800048828125,530.5,516.4199829101562,530.010009765625,2681500
2024-11-14,520.4000244140625,520.4000244140625,522.3599853515625,517.6500244140625,520.6199951171875,2480400
2024-11-15,521.8900146484375,521.8900146484375,523.3900146484375,518.0,518.530029296875,2408100
2024-11-18,521.6300048828125,521.6300048828125,523.489990234375,517.0,518.5900268554688,2493400
2024-11-19,519.4600219726562,519.4600219726562,522.6500244140625,516.760009765625,518.780029296875,2716000
2024-11-20,512.5399780273438,512.5399780273438,522.5,511.0,521.530029296875,2409400
2024-11-21,515.0999755859375,515.0999755859375,520.1199951171875,511.5799865722656,513.22998046875,3077300
2024-11-22,520.8599853515625,520.8599853515625,521.7100219726562,516.1799926757812,516.9299926757812,3130400
2024-11-25,526.5999755859375,526.5999755859375,528.25,521.02001953125,521.6400146484375,4503900
2024-11-26,528.47998046875,528.47998046875,530.6500244140625,525.0599975585938,527.9000244140625,2326800
2024-11-27,532.3800048828125,532.3800048828125,533.6199951171875,526.5800170898438,529.0499877929688,2086300
2024-11-29,532.9400024414062,532.9400024414062,535.77001953125,530.030029296875,533.010009765625,1760600
2024-12-02,531.3599853515625,531.3599853515625,534.8200073242188,526.22998046875,532.9299926757812,2355100
2024-12-03,526.1799926757812,526.1799926757812,534.8200073242188,525.9600219726562,534.6699829101562,2319400
2024-12-04,521.1400146484375,521.1400146484375,526.280029296875,518.1699829101562,523.6400146484375,2630000
2024-12-05,524.77001953125,524.77001953125,527.469970703125,522.1699829101562,524.5999755859375,2538600
