Tweets,Likes,Adj Close,Close,High,Low,Open,Volume,Prices
"#Cyberpunk2077 est le premier jeu à mettre ma moralité à rude épreuve, j’en vient réfléchir à mes choix dans la vraie vie.",0,MA,MA,MA,MA,MA,MA,0
"#دوري_روشن_السعودي
هذا سناب المتجر علي الدوسري ضيفوه وتابعوه وتفاعل ويستاهل دعم ⬇️
https://t.co/JwGddPNT4R",0,342.7143859863281,346.79998779296875,354.6600036621094,343.94000244140625,349.9599914550781,2933600,0
"@7heures13 Non 🕺 y’a 2 screens de blocage (le lien plus celui de ma pote) 
Celui avec le follow back 
Et les 2 derniers c T pour prouver que tu mentais 
I keep receipts 💅💅 (c faux je supprime jms mes photos c tt)",0,350.9660339355469,355.1499938964844,356.9800109863281,349.69000244140625,351.3900146484375,2661000,0
"@Aku_68 @Rymcu @Cinkroflol @JankosLoL Nie oglądam, ale od jakiś 2 tygodni widzę, że gra w eldena, wcześniej wukonga. A co w tym dziwnego skoro od 10 lat gra zawodowo w ligę, to co ma być na jego streamach, fortnite? XD",3,347.6258544921875,351.7699890136719,357.55999755859375,351.2699890136719,356.1199951171875,2608500,3
@AllahGreatQuran Ma sha Allah,0,363.9282531738281,367.6700134277344,368.7200012207031,355.32000732421875,357.30999755859375,4432800,0
"@AnonymaticaSRL Uh mi è andata bene, facevo cose orribili, ma negli anni 80!",0,367.1946716308594,370.9700012207031,375.0,369.55999755859375,371.6300048828125,3913500,0
@Antonio_Tajani Gli intanto è in corso un colpo di stato e non c’è interferenze da parte di nessuno 😡 il fatto sta che il popolo a detto basta hai corrotti  che da 30 ani ci governano ma hei viva la disinformazione complimenti 👏👏👏,0,367.2342224121094,371.010009765625,371.67999267578125,367.2099914550781,368.80999755859375,3485900,0
"@BluKalpIstanbul @pomeriggio5 Ma vai a cagare, cretina",0,374.0144958496094,377.8599853515625,377.9200134277344,371.260009765625,372.6199951171875,3370200,0
"@EarvLikes I can't believe i killed ma best friaaand 

:(",31,375.94464111328125,379.80999755859375,381.1300048828125,376.9200134277344,377.8599853515625,3291200,31
"@GTrapezov @JuBrozeur @Breeyz90 @channasparkle Oh non un Naz…Raciste insulte ma religion car il est incapable de comprendre le sens d’un Verset, ma vie va si mal. Mdrr allez bonne nuit mon petit racelard ça sert à rien de répondre je t’écrirai plus, passe la bonjour à la jeune Rebecca",0,371.69830322265625,375.5199890136719,377.8699951171875,374.30999755859375,375.05999755859375,4261000,0
@Hajjinho3ashra L’idée de malade mentale je me serais suicider dans ma voiture,1,371.18365478515625,375.0,378.3299865722656,373.9800109863281,375.0,2814500,1
@JGSDF_MA_14B_pr 📣ファイトー‼️,0,365.1655578613281,368.9200134277344,375.80999755859375,368.5,374.510009765625,2747100,0
@Lisayahhhh1997 Di ka po ma add,1,364.1955261230469,367.94000244140625,370.79998779296875,363.6000061035156,364.6000061035156,3111200,1
"@Ma_____2_1_2 おはようございます
今日も頑張りましょう🪼",1,372.4506530761719,376.2799987792969,376.6199951171875,369.3999938964844,370.2300109863281,3863400,1
@MaxStarWalker Ma sei uno di quelli con le bandierine nel nome. Tutto chiaro.,0,374.71728515625,378.57000732421875,381.3800048828125,376.3599853515625,376.739990234375,2743900,0
@NTForFNT Trời ơi má đang phá trend hả? STOP,0,376.1427001953125,380.010009765625,390.0,375.2200012207031,390.0,2756200,0
"@PiknikLublin @Mat_RKS1950 @ZMostuProsto No ale póki co inba jest o to, że jakim prawem jest drogo i wgl po co? No właśnie np. po to. Ja mam wrażenie(nie ad personam) że niektórzy to oczekują że dostaną pakiet PRO za cenę BASIC. No tak to nie działa. Motor nie ma innych biznesów jak mistrz polski i np. nie zarabia na 🍔",1,378.4984436035156,382.3900146484375,382.55999755859375,375.1000061035156,375.1000061035156,3501900,1
@PrzemekShura Wojna ma trwać do ostatniego ukrainca,0,373.4007873535156,377.239990234375,384.1099853515625,373.0,383.4100036621094,3718400,0
"@RenatoCuccu1 Luca è di animo buono 
Sta dando spazio a tutti i ragazzi
Anche Javier ha riallacciato i rapporti con spolverino che detesto. Ma credo che la convivenza forzata li portino ad un certo punto ad andare avanti",2,370.2234802246094,374.0299987792969,380.5199890136719,373.3800048828125,376.19000244140625,3405600,2
@SenJoniErnst Woe unto the REPUBLICAN senators or congressmen who vote to impede Trumps agenda.  We the People VOTED for him to break up the corruption in the bureaucracy.  Harsh electoral penalty will befall those who sabotage this great reform.  Count on it Ma’am.,0,367.3431396484375,371.1199951171875,373.739990234375,369.3999938964844,369.4599914550781,2688600,0
@Stefano173456 Semplicemente penosi...fate uno streaming pubblico...siete nati antisistema e ora siete inside al sistema...falsi ipocriti e ignoranti ma dannosi,0,366.8284606933594,370.6000061035156,372.4800109863281,367.0199890136719,369.989990234375,3137400,0
@TheDeshBhakt Tere ma ka bh0sda bsdkkk,1,370.27301025390625,374.0799865722656,376.7799987792969,367.0,368.57000732421875,2951900,1
"@TheMistressCat Very nice gams, Ma'am.",17,371.1242370605469,374.94000244140625,380.4700012207031,372.79998779296875,379.5199890136719,2761600,17
"@Vito82488734 myślę, że w niej samej nie ma jeszcze wyrachowania, tylko w doradcach i sztabie
ona ma jeszcze mleko pod nosem, więc ideologie pod postacią tęczowej flagi,równość, prawa do macicy i inne pierdy są dla niej ważniejsze niż ważne sprawy tego kraju",27,370.1047668457031,373.9100036621094,378.2200012207031,370.489990234375,370.79998779296875,2739600,27
"@_aminasy @degeurbopp Age is a number 
Diokh ma thieur par rapport ak lenene way",0,369.1742858886719,372.9700012207031,374.3299865722656,369.04998779296875,370.0,2068300,0
@ameya_ma ヤッホー！白馬ブルーイングヽ(^o^)丿,1,371.2430419921875,375.05999755859375,377.07000732421875,368.8399963378906,371.510009765625,2309100,1
@amy_gomez10659 @TheGoonyBin Done and retweeted ma’am 👊🇺🇸🇺🇸🇺🇸🇺🇸🇺🇸🇺🇸👊,0,366.5809631347656,370.3500061035156,375.7900085449219,370.1400146484375,373.1700134277344,2193600,0
"@artikk365 @matthewcageish Ma non era da denuncia mai nella vita, sono foto pubbliche, ma di che parliamo? Ahahah",2,366.6502685546875,370.4200134277344,374.57000732421875,369.25,373.29998779296875,2287600,2
"@becca22cr7 @GioSer_3313 Ma @GioSer_3313 hai ancora il coraggio di sparlare e difendere questa società e squadra ? Aspetta almeno la nuova versione di football manager , magari c’è qualche aggiornamento che ti torna utile per apprendere il gioco del calcio",0,363.0968017578125,366.8299865722656,370.25,362.9200134277344,369.6400146484375,2270700,0
@billy7890q Yes ma'am,0,367.05609130859375,370.8299865722656,371.1400146484375,367.07000732421875,368.55999755859375,2286400,0
"@borghi_claudio Fatto .Non ho inviato mail, ma è stato importante partecipare  in segno di apprezzamento fiducia e stima per il vostro lavoro.",6,366.1949462890625,369.9599914550781,373.4100036621094,367.7300109863281,369.5799865722656,1841400,6
@coingecko Mot ngay ra 100 nv a lam tien the ma mik lam mjon qua lam som la ngon r khong,0,365.8782043457031,369.6400146484375,369.79998779296875,365.010009765625,366.2799987792969,2203300,0
"@drofin69 Cách đáp trả hay nhất đó chính là tiếp tục làm tốt những gì mà tụi nó đang ganh tỵ ở a 🤣 thói đời giàu thì nó ghét, đói thì nó khinh, thông minh thì nó tìm cách tiêu diệt 🥹🥹",2,363.8094482421875,367.54998779296875,373.0799865722656,364.8999938964844,364.8999938964844,2792700,2
@gesudellalazio Ma pe fa che?,2,357.4548034667969,361.1300048828125,366.70001220703125,359.79998779296875,364.05999755859375,2718900,2
"@hi_ma_rin_rin ひまりちゃん🌻おはよー💕

朝ごはんはもう食べたけど、ひまりちゃんを
おかわりするで、いいですか🤭",1,352.3373718261719,355.9599914550781,361.7699890136719,355.19000244140625,356.760009765625,2730900,1
@hotfirespicy Every single day ma,4,351.3575134277344,354.9700012207031,357.739990234375,353.2099914550781,355.3599853515625,2109300,4
"@iddioodo @Anna302478978 Sarai ritardato? Ma certamente. Cercare su gugol è una cosa semplice, ma non per i triplodosati ingoiazucchine they/them. https://t.co/wbCD2xJTMu",0,351.9117736816406,355.5299987792969,357.739990234375,351.6600036621094,357.739990234375,1975500,0
@javi_khoso Probably an uncredited studio artist unless it's the art Director Dino Ma.,0,349.5262756347656,353.1199951171875,354.0,349.5899963378906,350.82000732421875,2016100,0
@kaynbabygirl Si battibecca sempre ma istg prima in linea per Toria protection squad,2,351.8623352050781,355.4800109863281,358.0299987792969,354.82000732421875,355.6400146484375,2200800,2
@lagio976 @PacettaVa @GiuntaDenise @lauramilla2021 Ma quello di Mert è davvero indecente... (canticchiando r cambiando le parole).,3,351.67425537109375,355.2900085449219,357.79998779296875,353.239990234375,354.80999755859375,2732900,3
@loovesosa_ Merciiii ma bombe ❤️ (c’est quand on va au vel😡),0,349.9024353027344,353.5,355.30999755859375,349.3900146484375,354.0,1968100,0
@lynna_nich @xslhi @hsan730 @merein15 @6i6iQ @AlkwytAyh63 @_i1ic @swdmd42233 @qwer8790 @arimhamd @ma_ma711 @swadeahdhj @luizcosta76 @MYK_63 @Hekaya_MZ @2w2030 @mits_i @kn_jui @florchicana @Aly9a ⁦(⁠◠⁠‿⁠・⁠)⁠—⁠☆⁩,3,351.9513854980469,355.57000732421875,356.6199951171875,351.69000244140625,353.6300048828125,2526000,3
"@ma_3679 まよちゃんもあかんかったんやなー😭
次のチャンスで！！",0,357.8210754394531,361.5,361.69000244140625,357.0899963378906,358.1199951171875,2174900,0
@ma_franks universities are not promoting free. Speech universities are indoctrinating children universities have professors that will not entertain an opposing view from a student.,0,363.1957092285156,366.92999267578125,368.5299987792969,361.260009765625,361.82000732421875,2789400,0
@ma_kunn_oann おはようございます🌞✨,1,356.2768859863281,359.94000244140625,369.1499938964844,359.54998779296875,367.1700134277344,1660800,1
@ma_kunn_oann スティックシュガーです🤣時々床に落とされてて、ん？とは思っていたんですけど、こんなに触られていたとは〜😂,1,355.37615966796875,359.0299987792969,361.70001220703125,357.2799987792969,358.6099853515625,1634400,1
"@ma_kunn_oann 気まぐれだからこそ可愛いですよね♡
おはようございます(*^^*)",2,350.8329162597656,354.44000244140625,364.0199890136719,353.9100036621094,359.25,2414700,2
@ma_pi_ SSRっていう色違いの手抜きがあかんのかね(´・ω・`),0,343.5774841308594,347.1099853515625,353.04998779296875,345.2300109863281,352.4100036621094,3176400,0
@ma_ra992 @alkazraj امين ولك بالمثل يارب انا الحمدلله عتدي لغه وناوي ادخل دورات زياده تزيد من الفرص.,0,341.2018737792969,344.7099914550781,349.8599853515625,340.2099914550781,343.6300048828125,3308200,0
"@ma_rin8047 @miyahara1x おはよーございます☕
今日もまんまる笑顔いっぱい
よろしくお願い致します💐",1,349.2294006347656,352.82000732421875,356.1099853515625,348.55999755859375,351.0,3413300,1
@ma_tsu0131 がんばれ！,1,344.5375671386719,348.0799865722656,348.3999938964844,343.6400146484375,346.04998779296875,3082600,1
"@ma_yu5_v おはよー！！
道路ツルツル∑(￣Д￣;)やーばい！

気をつけてね❤",1,344.4584045410156,348.0,348.69000244140625,340.2799987792969,346.6199951171875,3768100,1
"@ma_yu_63 年齢私の方が少し上だけどほぼ一緒💦
信じられない😭
美少年とシンドラやってたの見てたのに…
息止まりそうになった😭
年齢重ねる度にキレイだな〜
私も頑張ろとか思ってたのに🥹
お風呂での事故多いのは聞いてたけど…
辛い😭😭😭",1,346.10150146484375,349.6600036621094,351.94000244140625,346.8599853515625,350.25,8426800,1
"@manami_ma_na_mi おはようございます、
真奈美さん。
ありがとうございます、
写真楽しみです😊",0,345.7650146484375,349.32000732421875,353.8399963378906,347.3399963378906,348.0,3864200,0
"@massiTsunami Un allenatore può dire che l'arbitro ha sbagliato secondo lui, ma non può dire così apertamente che c'è un ""complotto"" o cose così. Si dovrebbe aprire un procedimento disciplinare.",1,350.9615478515625,354.57000732421875,356.20001220703125,350.8299865722656,354.3699951171875,3766800,1
"@mat_augmente Le dernier tier n'est pas nécessaire, message patriarcal peu subtil (à l'image du patron) et le son giga fort (mais bon ça c ma faute), mais sinon c bien ué",0,347.4575500488281,351.0299987792969,360.0,351.0299987792969,354.6099853515625,2596400,0
@misteriouspavao Globo:  Esse salto satisfaz o critério técnico de tirar os 2 pés do chão e saltar. Não entendo a má vontade dos jurados que estão dando nota baixa. Não faz sentido. Os jurados não gostam do atleta.,0,350.76361083984375,354.3699951171875,359.8599853515625,351.8399963378906,352.4100036621094,2598100,0
"@miya___ma おはみやです(о´∀ゞ)💚

心のなかではやっちゃうのね……✨　可愛い😆
今日もゆるふぁいで生きますか💪🫛🎧️",0,348.0514831542969,351.6300048828125,352.4200134277344,346.30999755859375,350.45001220703125,2971500,0
"@mrzcx2112 đã từng bị chia tài khoản nhưng nhờ theo những thông tin nhận định của ad mà đã có lãi, ko tốn một đồng fee group vip nào nên là lùa gà cc",1,351.01104736328125,354.6199951171875,357.8900146484375,354.2799987792969,355.57000732421875,2420300,1
@nocas4you Começo a achar que houve de facto má interpretação!✅,1,350.7240295410156,354.3299865722656,355.8999938964844,352.79998779296875,355.55999755859375,1695900,1
@omgshakethatass @ZeroAgree Yes ma’am ^^,1,355.87109375,359.5299987792969,360.0299987792969,355.82000732421875,357.3800048828125,2327000,1
"@orw7 @prabowo @gibran_tweet Buakakakkk
PS angkat doi jd tim ???
Pantess 🤣🤣🤣
Minta d ganti ma lo ya Fir ???
🤣🤣🤣 https://t.co/Ugm4UBbnrG",0,355.6038818359375,359.260009765625,362.5899963378906,358.239990234375,360.95001220703125,2480500,0
@rbellandi69 Ma avresti 21 scudetti e il Milan 18.,0,359.71160888671875,363.4100036621094,363.6499938964844,360.3800048828125,361.1300048828125,3376600,0
@sakuragi_MA 😆👍️✨,1,362.74041748046875,366.4700012207031,366.6600036621094,361.75,362.6099853515625,2978000,1
@sakuragi_MA 🤔,1,360.1965637207031,363.8999938964844,369.1199951171875,363.3800048828125,366.79998779296875,2198700,1
@solenne4evah MA È FUORI DI TESTA,10,360.6526184082031,363.7900085449219,365.1300048828125,361.6099853515625,363.4800109863281,2239600,10
"@stacce2021 Ma almeno sei Leone! Puoi andare orgoglioso di questa convenzione inventata per soddisfare le menti semplici e non devi fare le corna ogni volta che qualcuno ti fa la fatidica domanda!
Certo che sfiga, peggio di ferragosto c'è solo natale, una prece.",1,358.3526306152344,361.4700012207031,362.0400085449219,355.9700012207031,361.2099914550781,2357600,1
@syd050600 Yes ma'am the motion of the ocean in my teenage years 🤣🤣🤣🤣🤣🤣,1,357.03411865234375,360.1400146484375,360.92999267578125,357.5799865722656,359.7099914550781,1559100,1
@turwie2 @szymon_holownia Co tam marudzisz? Że gnom komosa nie ma immunitetu?,0,360.98968505859375,364.1300048828125,365.19000244140625,361.1600036621094,363.4200134277344,3033800,0
"@valheim_s @succube124 @faureolivier Avec le recul, tu vois bien que les primaires ne servent à rien, pour les éléphants du PS c'est 'pile je gagne face tu perds'
En cas de victoire c'est 'faites ma campagne car nous sommes victorieux' sinon c'est 'ciao nous on est pour le candidat+ proches des grd média et du CAC40",0,358.6599426269531,361.7799987792969,368.6000061035156,361.0299987792969,366.0799865722656,2268800,0
@zniv22 C bon la toxicité en mode t ma groupie pas celle des gens vs êtes dans un film,0,366.46209716796875,369.6499938964844,369.75,363.3900146484375,363.82000732421875,2611700,0
"Były minister rolnictwa w rządzie SLD Wojciech Olejniczak został w środę zatrzymany przez CBA.
https://t.co/2ToqN6ddtj",0,369.21807861328125,372.42999267578125,373.3900146484375,369.1099853515625,370.0,2254600,0
Devinez qui doit aller au resto demain pour l’anniversaire de son oncle et se tape une insomnie de singe ? Je ne hais pas assez ma naigre vie.,8,369.5452880859375,372.760009765625,374.1000061035156,368.3900146484375,373.3599853515625,2432700,8
"Esses dias, lendo chat antigo do dito cujo, me deparo com ele falando isso: ""você é má"" 🤭",0,369.10906982421875,372.32000732421875,373.95001220703125,369.9599914550781,373.95001220703125,2087800,0
First time jud ta ani ma ablihan sa Gaisano yaw,0,369.5849609375,372.79998779296875,374.1499938964844,371.1600036621094,372.989990234375,1795300,0
"Gw gacha dia karna seiyuu. Awalnya GK tertarik samsek ma dia. Pas gw liat bentukannya ""Walah tipe2 char cowo edgy + emo yg akan digemari para player cewe""

Sampai kemudian gw pertama kali denger suara dia waktu ngomong ke Jingyuan. Gw langsung suka ma dia 

""MIKI SHINICHIRO COG"" https://t.co/BssZE6z0fL",0,371.7659606933594,375.0,375.19000244140625,369.69000244140625,371.45001220703125,2124800,0
"ITZ 2024 PIX Update https://t.co/0V56Igj0yS
#AMZN #CRWD #GLD #IJR #MA",1,372.0038757324219,375.239990234375,377.42999267578125,373.260009765625,375.7200012207031,3537800,1
"Kurr hiq ne jete xuxi ma shume vota se Gjesti , fuck this shit #bbvipks3",2,371.498291015625,374.7300109863281,377.6400146484375,373.6199951171875,375.1499938964844,1886300,2
"L'uomo che sussurra ai #colpodistato, ma ha paura di due domande #marcorizzo
😂😂😂😂😂😂😂😂😂😂😂😂 https://t.co/CiNSx0NtYi",2,365.35174560546875,368.5299987792969,374.5799865722656,368.32000732421875,373.5,2245000,2
MA SŒUR A 20 ANS C TERRIBLE,1,363.5970153808594,366.760009765625,372.2200012207031,366.0899963378906,369.6400146484375,2594200,1
MA=WA,0,370.4474182128906,373.6700134277344,374.9800109863281,361.0,366.5799865722656,3859900,0
Ma belle supprimes ! https://t.co/o3yLhYbIWY,0,376.7525634765625,380.0299987792969,381.92999267578125,371.510009765625,372.5299987792969,3107300,0
Ma boyyssss https://t.co/tz95WBtstS,0,376.5840148925781,379.8599853515625,382.4599914550781,378.9599914550781,380.489990234375,1745100,0
Ma cousine 🤩😍 https://t.co/TFdLHdJTSu https://t.co/4vH465ykBE,2,372.78704833984375,376.0299987792969,378.8399963378906,370.94000244140625,377.7699890136719,2478700,2
Ma meuf quand elle c'est réveillé avec un #Bitcoin à 100 000$ 🤣🤣🤣 https://t.co/fvz8SSiWH7,0,371.6668395996094,374.8999938964844,379.54998779296875,374.3299865722656,376.6700134277344,1970900,0
Ma quindi ora Gue sa fare i selfie?,1,372.87628173828125,376.1199951171875,376.8500061035156,372.1400146484375,374.5,2814900,1
"Ma shqetsun pak xheneten, produksion muti #bbvipks3 https://t.co/BRfOLjG170",17,381.3426513671875,384.6600036621094,385.1499938964844,378.239990234375,380.57000732421875,2682800,17
Ma vidéo purée https://t.co/UghSpXtc7p,0,382.1853332519531,385.510009765625,387.4599914550781,383.7699890136719,384.010009765625,1719600,0
"O Arion dil ma mir
Merre edhe Drilonin pash Zotin se fort jon te shfrytzuu 
T lutna #bbvipks3",11,379.6374816894531,382.94000244140625,386.1700134277344,382.70001220703125,383.8800048828125,2036400,11
"Pinni:Madyarathiri 2:30ki neeku ma bedroom deggara emPani ra?
Son:Waterkosam ochhanu pinni
Pinni:Naku telidu anukoku Roju nannu meebabai ee timeki juttupattukoni doggystylelo padesi dengutavunte nuvvu ahbokkalo nunchichusi kottukuntuvuntav
Babai:(Oh Lanja munda lopaliki raave) https://t.co/vxpwVT7MH1",28,379.240966796875,382.5400085449219,386.760009765625,377.6499938964844,385.989990234375,1940800,28
"Un jour faudra que je parle du stress et du bruxisme.. 1 an que g ma gouttière et RAS.. flinguée en 4 jours.... 🥶🥶🥶 parfois jme diq que jmords plus fort que mes chiens (véridique, y'en a déja une qui a joué avec)",1,380.0836181640625,383.3900146484375,385.7200012207031,379.260009765625,382.2099914550781,1901200,1
Un jour je raconterai comment on s’est retrouvé à Skid Row avec Naomi à cause de ma tante,0,378.6263122558594,381.9200134277344,385.0199890136719,378.79998779296875,384.489990234375,2044000,0
"Your welcome ma'am, I'm so glad my song brings happiness, I appreciate your likes and comments message me privately on telegram https://t.co/YXGeoFmfel https://t.co/gC7J3GQHaE",0,380.1034240722656,383.4100036621094,383.6600036621094,380.5299987792969,381.8699951171875,1957400,0
[FR/EN] Champion 900SR+ / Let's play some ranked ma boiiii https://t.co/KbeQOSUJ62,1,376.9607849121094,380.239990234375,383.6000061035156,377.32000732421875,382.6000061035156,2762700,1
"bingo!  it  gives  you  something  to  do,  doesn't  it?  what  else  do  you  do  otherwise?  say  ‘  yes  ma'am,  no  ma'am  ’  and  play  good  boy? https://t.co/Wdj9u18fVR",0,383.6624450683594,387.0,387.5199890136719,379.1300048828125,382.20001220703125,3260300,0
ma oggi non mi funziona ig,0,388.63916015625,392.0199890136719,392.0199890136719,385.80999755859375,387.1099853515625,3729500,0
"ma stiamo scherzando vero? io ero come una cogliona a guardare quei due che a poco scopavano sul tavolo da biliardo, io non so più cosa fare",0,382.24481201171875,385.57000732421875,392.20001220703125,385.1400146484375,392.0,3368800,0
sana ma approve na :((,0,381.2137756347656,384.5299987792969,387.3699951171875,384.17999267578125,384.989990234375,1808800,0
"تابعهم ياتبعوكم 
ريتويت للدعم 
😍😍😍😍
@gumterver100
@ZyrwT28134
@shahnawaz_2182
@1___A_1 
@_Solav_
@rshrooshh
@glmsjd
@nt41000
@AhmedAb84271008
@shadoshamy
@kp13s
@haAl55342
@smy58881
@gzl623463751501
@ma_haq8
@AliAli711z
@FayzQrysh57883
@MYK_63
@Hannibal1998X
#هلا_هلا 
#هلا",64,370.52679443359375,373.75,382.0299987792969,370.44000244140625,381.5199890136719,3979000,64
"✓ mais um artigo publicado no Estadão 
Litigância de má-fé, a degradação da Justiça https://t.co/pN1T0iD0NJ",0,365.322021484375,368.5,369.6099853515625,365.5799865722656,369.3699951171875,2655700,0
