created_at,text,likes
2024-12-06 23:59:57+00:00,"تابعهم ياتبعوكم 
ريتويت للدعم 
😍😍😍😍
@gumterver100
@ZyrwT28134
@shahnawaz_2182
@1___A_1 
@_Solav_
@rshrooshh
@glmsjd
@nt41000
@AhmedAb84271008
@shadoshamy
@kp13s
@haAl55342
@smy58881
@gzl623463751501
@ma_haq8
@AliAli711z
@FayzQrysh57883
@MYK_63
@Hannibal1998X
#هلا_هلا 
#هلا",64
2024-12-06 23:59:12+00:00,"@EarvLikes I can't believe i killed ma best friaaand 

:(",31
2024-12-06 23:59:31+00:00,"Pinni:Madyarathiri 2:30ki neeku ma bedroom deggara emPani ra?
Son:Waterkosam ochhanu pinni
Pinni:Naku telidu anukoku Roju nannu meebabai ee timeki juttupattukoni doggystylelo padesi dengutavunte nuvvu ahbokkalo nunchichusi kottukuntuvuntav
Babai:(Oh Lanja munda lopaliki raave) https://t.co/vxpwVT7MH1",28
2024-12-06 23:59:41+00:00,"@Vito82488734 myślę, że w niej samej nie ma jeszcze wyrachowania, tylko w doradcach i sztabie
ona ma jeszcze mleko pod nosem, więc ideologie pod postacią tęczowej flagi,równość, prawa do macicy i inne pierdy są dla niej ważniejsze niż ważne sprawy tego kraju",27
2024-12-06 23:59:33+00:00,"Ma shqetsun pak xheneten, produksion muti #bbvipks3 https://t.co/BRfOLjG170",17
2024-12-06 23:59:18+00:00,"@TheMistressCat Very nice gams, Ma'am.",17
2024-12-06 23:59:16+00:00,"O Arion dil ma mir
Merre edhe Drilonin pash Zotin se fort jon te shfrytzuu 
T lutna #bbvipks3",11
2024-12-06 23:59:29+00:00,@solenne4evah MA È FUORI DI TESTA,10
2024-12-06 23:59:19+00:00,Devinez qui doit aller au resto demain pour l’anniversaire de son oncle et se tape une insomnie de singe ? Je ne hais pas assez ma naigre vie.,8
2024-12-06 23:59:47+00:00,"@borghi_claudio Fatto .Non ho inviato mail, ma è stato importante partecipare  in segno di apprezzamento fiducia e stima per il vostro lavoro.",6
2024-12-06 23:59:24+00:00,@hotfirespicy Every single day ma,4
2024-12-06 23:59:37+00:00,"@Aku_68 @Rymcu @Cinkroflol @JankosLoL Nie oglądam, ale od jakiś 2 tygodni widzę, że gra w eldena, wcześniej wukonga. A co w tym dziwnego skoro od 10 lat gra zawodowo w ligę, to co ma być na jego streamach, fortnite? XD",3
2024-12-06 23:59:25+00:00,@lynna_nich @xslhi @hsan730 @merein15 @6i6iQ @AlkwytAyh63 @_i1ic @swdmd42233 @qwer8790 @arimhamd @ma_ma711 @swadeahdhj @luizcosta76 @MYK_63 @Hekaya_MZ @2w2030 @mits_i @kn_jui @florchicana @Aly9a ⁦(⁠◠⁠‿⁠・⁠)⁠—⁠☆⁩,3
2024-12-06 23:59:20+00:00,@lagio976 @PacettaVa @GiuntaDenise @lauramilla2021 Ma quello di Mert è davvero indecente... (canticchiando r cambiando le parole).,3
2024-12-06 23:59:51+00:00,"@artikk365 @matthewcageish Ma non era da denuncia mai nella vita, sono foto pubbliche, ma di che parliamo? Ahahah",2
2024-12-06 23:59:50+00:00,@gesudellalazio Ma pe fa che?,2
2024-12-06 23:59:41+00:00,"L'uomo che sussurra ai #colpodistato, ma ha paura di due domande #marcorizzo
😂😂😂😂😂😂😂😂😂😂😂😂 https://t.co/CiNSx0NtYi",2
2024-12-06 23:59:41+00:00,Ma cousine 🤩😍 https://t.co/TFdLHdJTSu https://t.co/4vH465ykBE,2
2024-12-06 23:59:37+00:00,@kaynbabygirl Si battibecca sempre ma istg prima in linea per Toria protection squad,2
2024-12-06 23:59:33+00:00,"@ma_kunn_oann 気まぐれだからこそ可愛いですよね♡
おはようございます(*^^*)",2
2024-12-06 23:59:31+00:00,"@drofin69 Cách đáp trả hay nhất đó chính là tiếp tục làm tốt những gì mà tụi nó đang ganh tỵ ở a 🤣 thói đời giàu thì nó ghét, đói thì nó khinh, thông minh thì nó tìm cách tiêu diệt 🥹🥹",2
2024-12-06 23:59:29+00:00,"@RenatoCuccu1 Luca è di animo buono 
Sta dando spazio a tutti i ragazzi
Anche Javier ha riallacciato i rapporti con spolverino che detesto. Ma credo che la convivenza forzata li portino ad un certo punto ad andare avanti",2
2024-12-06 23:59:11+00:00,"Kurr hiq ne jete xuxi ma shume vota se Gjesti , fuck this shit #bbvipks3",2
2024-12-06 23:59:58+00:00,[FR/EN] Champion 900SR+ / Let's play some ranked ma boiiii https://t.co/KbeQOSUJ62,1
2024-12-06 23:59:56+00:00,Ma quindi ora Gue sa fare i selfie?,1
2024-12-06 23:59:54+00:00,"@hi_ma_rin_rin ひまりちゃん🌻おはよー💕

朝ごはんはもう食べたけど、ひまりちゃんを
おかわりするで、いいですか🤭",1
2024-12-06 23:59:51+00:00,MA SŒUR A 20 ANS C TERRIBLE,1
2024-12-06 23:59:51+00:00,"@ma_yu_63 年齢私の方が少し上だけどほぼ一緒💦
信じられない😭
美少年とシンドラやってたの見てたのに…
息止まりそうになった😭
年齢重ねる度にキレイだな〜
私も頑張ろとか思ってたのに🥹
お風呂での事故多いのは聞いてたけど…
辛い😭😭😭",1
2024-12-06 23:59:51+00:00,"@ma_yu5_v おはよー！！
道路ツルツル∑(￣Д￣;)やーばい！

気をつけてね❤",1
2024-12-06 23:59:45+00:00,"@stacce2021 Ma almeno sei Leone! Puoi andare orgoglioso di questa convenzione inventata per soddisfare le menti semplici e non devi fare le corna ogni volta che qualcuno ti fa la fatidica domanda!
Certo che sfiga, peggio di ferragosto c'è solo natale, una prece.",1
2024-12-06 23:59:45+00:00,@Hajjinho3ashra L’idée de malade mentale je me serais suicider dans ma voiture,1
2024-12-06 23:59:45+00:00,@nocas4you Começo a achar que houve de facto má interpretação!✅,1
2024-12-06 23:59:45+00:00,@sakuragi_MA 😆👍️✨,1
2024-12-06 23:59:40+00:00,"@Ma_____2_1_2 おはようございます
今日も頑張りましょう🪼",1
2024-12-06 23:59:34+00:00,"@PiknikLublin @Mat_RKS1950 @ZMostuProsto No ale póki co inba jest o to, że jakim prawem jest drogo i wgl po co? No właśnie np. po to. Ja mam wrażenie(nie ad personam) że niektórzy to oczekują że dostaną pakiet PRO za cenę BASIC. No tak to nie działa. Motor nie ma innych biznesów jak mistrz polski i np. nie zarabia na 🍔",1
2024-12-06 23:59:34+00:00,"@ma_rin8047 @miyahara1x おはよーございます☕
今日もまんまる笑顔いっぱい
よろしくお願い致します💐",1
2024-12-06 23:59:29+00:00,@syd050600 Yes ma'am the motion of the ocean in my teenage years 🤣🤣🤣🤣🤣🤣,1
2024-12-06 23:59:28+00:00,@omgshakethatass @ZeroAgree Yes ma’am ^^,1
2024-12-06 23:59:27+00:00,@sakuragi_MA 🤔,1
2024-12-06 23:59:24+00:00,@ma_kunn_oann おはようございます🌞✨,1
2024-12-06 23:59:22+00:00,@Lisayahhhh1997 Di ka po ma add,1
2024-12-06 23:59:21+00:00,"ITZ 2024 PIX Update https://t.co/0V56Igj0yS
#AMZN #CRWD #GLD #IJR #MA",1
2024-12-06 23:59:20+00:00,@TheDeshBhakt Tere ma ka bh0sda bsdkkk,1
2024-12-06 23:59:19+00:00,"@mrzcx2112 đã từng bị chia tài khoản nhưng nhờ theo những thông tin nhận định của ad mà đã có lãi, ko tốn một đồng fee group vip nào nên là lùa gà cc",1
2024-12-06 23:59:14+00:00,"Un jour faudra que je parle du stress et du bruxisme.. 1 an que g ma gouttière et RAS.. flinguée en 4 jours.... 🥶🥶🥶 parfois jme diq que jmords plus fort que mes chiens (véridique, y'en a déja une qui a joué avec)",1
2024-12-06 23:59:14+00:00,@ma_kunn_oann スティックシュガーです🤣時々床に落とされてて、ん？とは思っていたんですけど、こんなに触られていたとは〜😂,1
2024-12-06 23:59:11+00:00,@ma_tsu0131 がんばれ！,1
2024-12-06 23:59:11+00:00,"@massiTsunami Un allenatore può dire che l'arbitro ha sbagliato secondo lui, ma non può dire così apertamente che c'è un ""complotto"" o cose così. Si dovrebbe aprire un procedimento disciplinare.",1
2024-12-06 23:59:10+00:00,@ameya_ma ヤッホー！白馬ブルーイングヽ(^o^)丿,1
2024-12-06 23:59:58+00:00,MA=WA,0
2024-12-06 23:59:56+00:00,@NTForFNT Trời ơi má đang phá trend hả? STOP,0
2024-12-06 23:59:56+00:00,@ma_ra992 @alkazraj امين ولك بالمثل يارب انا الحمدلله عتدي لغه وناوي ادخل دورات زياده تزيد من الفرص.,0
2024-12-06 23:59:55+00:00,"@7heures13 Non 🕺 y’a 2 screens de blocage (le lien plus celui de ma pote) 
Celui avec le follow back 
Et les 2 derniers c T pour prouver que tu mentais 
I keep receipts 💅💅 (c faux je supprime jms mes photos c tt)",0
2024-12-06 23:59:54+00:00,@turwie2 @szymon_holownia Co tam marudzisz? Że gnom komosa nie ma immunitetu?,0
2024-12-06 23:59:53+00:00,@PrzemekShura Wojna ma trwać do ostatniego ukrainca,0
2024-12-06 23:59:52+00:00,"@iddioodo @Anna302478978 Sarai ritardato? Ma certamente. Cercare su gugol è una cosa semplice, ma non per i triplodosati ingoiazucchine they/them. https://t.co/wbCD2xJTMu",0
2024-12-06 23:59:52+00:00,Ma belle supprimes ! https://t.co/o3yLhYbIWY,0
2024-12-06 23:59:52+00:00,@zniv22 C bon la toxicité en mode t ma groupie pas celle des gens vs êtes dans un film,0
2024-12-06 23:59:51+00:00,"@ma_3679 まよちゃんもあかんかったんやなー😭
次のチャンスで！！",0
2024-12-06 23:59:51+00:00,@loovesosa_ Merciiii ma bombe ❤️ (c’est quand on va au vel😡),0
2024-12-06 23:59:50+00:00,Ma meuf quand elle c'est réveillé avec un #Bitcoin à 100 000$ 🤣🤣🤣 https://t.co/fvz8SSiWH7,0
2024-12-06 23:59:49+00:00,"@AnonymaticaSRL Uh mi è andata bene, facevo cose orribili, ma negli anni 80!",0
2024-12-06 23:59:48+00:00,"@BluKalpIstanbul @pomeriggio5 Ma vai a cagare, cretina",0
2024-12-06 23:59:48+00:00,"@mat_augmente Le dernier tier n'est pas nécessaire, message patriarcal peu subtil (à l'image du patron) et le son giga fort (mais bon ça c ma faute), mais sinon c bien ué",0
2024-12-06 23:59:47+00:00,@coingecko Mot ngay ra 100 nv a lam tien the ma mik lam mjon qua lam som la ngon r khong,0
2024-12-06 23:59:46+00:00,"@miya___ma おはみやです(о´∀ゞ)💚

心のなかではやっちゃうのね……✨　可愛い😆
今日もゆるふぁいで生きますか💪🫛🎧️",0
2024-12-06 23:59:44+00:00,"bingo!  it  gives  you  something  to  do,  doesn't  it?  what  else  do  you  do  otherwise?  say  ‘  yes  ma'am,  no  ma'am  ’  and  play  good  boy? https://t.co/Wdj9u18fVR",0
2024-12-06 23:59:44+00:00,@MaxStarWalker Ma sei uno di quelli con le bandierine nel nome. Tutto chiaro.,0
2024-12-06 23:59:43+00:00,@JGSDF_MA_14B_pr 📣ファイトー‼️,0
2024-12-06 23:59:42+00:00,"@_aminasy @degeurbopp Age is a number 
Diokh ma thieur par rapport ak lenene way",0
2024-12-06 23:59:42+00:00,"@manami_ma_na_mi おはようございます、
真奈美さん。
ありがとうございます、
写真楽しみです😊",0
2024-12-06 23:59:40+00:00,@billy7890q Yes ma'am,0
2024-12-06 23:59:40+00:00,@ma_pi_ SSRっていう色違いの手抜きがあかんのかね(´・ω・`),0
2024-12-06 23:59:38+00:00,@SenJoniErnst Woe unto the REPUBLICAN senators or congressmen who vote to impede Trumps agenda.  We the People VOTED for him to break up the corruption in the bureaucracy.  Harsh electoral penalty will befall those who sabotage this great reform.  Count on it Ma’am.,0
2024-12-06 23:59:38+00:00,@misteriouspavao Globo:  Esse salto satisfaz o critério técnico de tirar os 2 pés do chão e saltar. Não entendo a má vontade dos jurados que estão dando nota baixa. Não faz sentido. Os jurados não gostam do atleta.,0
2024-12-06 23:59:37+00:00,Un jour je raconterai comment on s’est retrouvé à Skid Row avec Naomi à cause de ma tante,0
2024-12-06 23:59:36+00:00,"@valheim_s @succube124 @faureolivier Avec le recul, tu vois bien que les primaires ne servent à rien, pour les éléphants du PS c'est 'pile je gagne face tu perds'
En cas de victoire c'est 'faites ma campagne car nous sommes victorieux' sinon c'est 'ciao nous on est pour le candidat+ proches des grd média et du CAC40",0
2024-12-06 23:59:34+00:00,Ma boyyssss https://t.co/tz95WBtstS,0
2024-12-06 23:59:33+00:00,sana ma approve na :((,0
2024-12-06 23:59:32+00:00,"@becca22cr7 @GioSer_3313 Ma @GioSer_3313 hai ancora il coraggio di sparlare e difendere questa società e squadra ? Aspetta almeno la nuova versione di football manager , magari c’è qualche aggiornamento che ti torna utile per apprendere il gioco del calcio",0
2024-12-06 23:59:28+00:00,"@GTrapezov @JuBrozeur @Breeyz90 @channasparkle Oh non un Naz…Raciste insulte ma religion car il est incapable de comprendre le sens d’un Verset, ma vie va si mal. Mdrr allez bonne nuit mon petit racelard ça sert à rien de répondre je t’écrirai plus, passe la bonjour à la jeune Rebecca",0
2024-12-06 23:59:26+00:00,"ma stiamo scherzando vero? io ero come una cogliona a guardare quei due che a poco scopavano sul tavolo da biliardo, io non so più cosa fare",0
2024-12-06 23:59:25+00:00,ma oggi non mi funziona ig,0
2024-12-06 23:59:25+00:00,First time jud ta ani ma ablihan sa Gaisano yaw,0
2024-12-06 23:59:25+00:00,Ma vidéo purée https://t.co/UghSpXtc7p,0
2024-12-06 23:59:23+00:00,"#Cyberpunk2077 est le premier jeu à mettre ma moralité à rude épreuve, j’en vient réfléchir à mes choix dans la vraie vie.",0
2024-12-06 23:59:23+00:00,"✓ mais um artigo publicado no Estadão 
Litigância de má-fé, a degradação da Justiça https://t.co/pN1T0iD0NJ",0
2024-12-06 23:59:23+00:00,"Były minister rolnictwa w rządzie SLD Wojciech Olejniczak został w środę zatrzymany przez CBA.
https://t.co/2ToqN6ddtj",0
2024-12-06 23:59:22+00:00,"@orw7 @prabowo @gibran_tweet Buakakakkk
PS angkat doi jd tim ???
Pantess 🤣🤣🤣
Minta d ganti ma lo ya Fir ???
🤣🤣🤣 https://t.co/Ugm4UBbnrG",0
2024-12-06 23:59:19+00:00,"Your welcome ma'am, I'm so glad my song brings happiness, I appreciate your likes and comments message me privately on telegram https://t.co/YXGeoFmfel https://t.co/gC7J3GQHaE",0
2024-12-06 23:59:19+00:00,@Stefano173456 Semplicemente penosi...fate uno streaming pubblico...siete nati antisistema e ora siete inside al sistema...falsi ipocriti e ignoranti ma dannosi,0
2024-12-06 23:59:17+00:00,@amy_gomez10659 @TheGoonyBin Done and retweeted ma’am 👊🇺🇸🇺🇸🇺🇸🇺🇸🇺🇸🇺🇸👊,0
2024-12-06 23:59:15+00:00,@AllahGreatQuran Ma sha Allah,0
2024-12-06 23:59:15+00:00,"Gw gacha dia karna seiyuu. Awalnya GK tertarik samsek ma dia. Pas gw liat bentukannya ""Walah tipe2 char cowo edgy + emo yg akan digemari para player cewe""

Sampai kemudian gw pertama kali denger suara dia waktu ngomong ke Jingyuan. Gw langsung suka ma dia 

""MIKI SHINICHIRO COG"" https://t.co/BssZE6z0fL",0
2024-12-06 23:59:14+00:00,"Esses dias, lendo chat antigo do dito cujo, me deparo com ele falando isso: ""você é má"" 🤭",0
2024-12-06 23:59:13+00:00,@ma_franks universities are not promoting free. Speech universities are indoctrinating children universities have professors that will not entertain an opposing view from a student.,0
2024-12-06 23:59:12+00:00,"#دوري_روشن_السعودي
هذا سناب المتجر علي الدوسري ضيفوه وتابعوه وتفاعل ويستاهل دعم ⬇️
https://t.co/JwGddPNT4R",0
2024-12-06 23:59:11+00:00,@javi_khoso Probably an uncredited studio artist unless it's the art Director Dino Ma.,0
2024-12-06 23:59:11+00:00,@Antonio_Tajani Gli intanto è in corso un colpo di stato e non c’è interferenze da parte di nessuno 😡 il fatto sta che il popolo a detto basta hai corrotti  che da 30 ani ci governano ma hei viva la disinformazione complimenti 👏👏👏,0
2024-12-06 23:59:10+00:00,@rbellandi69 Ma avresti 21 scudetti e il Milan 18.,0
